1,2,3,4,5,6,7,8,9,10,11,12,13,14,15,16,17,18,19,20,21,22,23,24,25,26,27,28,29,30,31,32,33,34,35,36,37,38,39,40,41,42,43,44,45,46,47,48,49,50,51,52,53,54,55,56,57,58,59,60,61,62,63,64,65,66,67,68,69,70,71,72,73,74,75,76,77,78,79,80,81,82,83,84,85,86,87,88,89,90,91,92,93,94,95,96,97,98,99,100
-1203.7935,3761.571,6952.9097,7337.4434,5837.4766,5968.511,6913.711,3723.3406,3799.0068,3408.1458,3360.1985,1824.959,171.08249,1218.1409,1533.2535,476.41632,-1607.679,842.41394,1034.496,2845.2795,3673.31,5165.112,5485.84,4242.2314,4133.2324,5288.6157,6633.085,7677.7705,7774.264,7594.375,8057.8687,9096.898,9853.053,8543.825,8097.9336,7439.285,5912.5034,4993.6006,6018.93,4780.434,4009.7375,3221.9272,3540.728,6072.606,5857.654,5616.2217,8222.718,7878.643,6264.5474,5380.891,5574.4883,5811.072,6525.221,4779.2866,6579.487,5790.9,3872.5547,4192.832,4813.632,4773.9766,4764.719,3804.2085,2389.8667,1200.9324,1067.3208,1374.3496,2056.7156,2028.9639,1114.9244,1550.4873,2686.6025,2848.3022,2176.6277,1452.4802,1297.1194,2837.3694,2194.2722,2144.2397,1181.757,1802.4993,-43.500355,-1324.611,-1318.3601,1192.1985,730.0243,536.20306,1620.2191,2578.1562,4766.799,5354.849,5574.426,7080.1416,6773.251,7434.784,8634.642,8901.703,8186.9443,8280.297,6070.6475,5306.5317
0.0,0.0,0.0,0.0,0.0,0.0,0.0,0.0,0.0,0.0,0.0,0.0,0.0,0.0,0.0,0.0,0.0,0.0,0.0,0.0,0.0,0.0,0.0,0.0,0.0,0.0,0.0,0.0,0.0,0.0,0.0,0.0,0.0,0.0,0.0,0.0,0.0,0.0,0.0,0.0,0.0,0.0,0.0,0.0,0.0,0.0,0.0,0.0,0.0,0.0,0.0,0.0,0.0,0.0,0.0,0.0,0.0,0.0,0.0,0.0,0.0,0.0,0.0,0.0,0.0,0.0,0.0,0.0,0.0,0.0,0.0,0.0,0.0,0.0,0.0,0.0,0.0,0.0,0.0,0.0,0.0,0.0,0.0,0.0,0.0,0.0,0.0,0.0,0.0,0.0,0.0,0.0,0.0,0.0,0.0,0.0,0.0,0.0,0.0,0.0
0.0,0.0,0.0,0.0,0.0,0.0,0.0,0.0,0.0,0.0,0.0,0.0,0.0,0.0,0.0,0.0,0.0,0.0,0.0,0.0,0.0,0.0,0.0,0.0,0.0,0.0,0.0,0.0,0.0,0.0,0.0,0.0,0.0,0.0,0.0,0.0,0.0,0.0,0.0,0.0,0.0,0.0,0.0,0.0,0.0,0.0,0.0,0.0,0.0,0.0,0.0,0.0,0.0,0.0,0.0,0.0,0.0,0.0,0.0,0.0,0.0,0.0,0.0,0.0,0.0,0.0,0.0,0.0,0.0,0.0,0.0,0.0,0.0,0.0,0.0,0.0,0.0,0.0,0.0,0.0,0.0,0.0,0.0,0.0,0.0,0.0,0.0,0.0,0.0,0.0,0.0,0.0,0.0,0.0,0.0,0.0,0.0,0.0,0.0,0.0
0.0,0.0,0.0,0.0,0.0,0.0,0.0,0.0,0.0,0.0,0.0,0.0,0.0,0.0,0.0,0.0,0.0,0.0,0.0,0.0,0.0,0.0,0.0,0.0,0.0,0.0,0.0,0.0,0.0,0.0,0.0,0.0,0.0,0.0,0.0,0.0,0.0,0.0,0.0,0.0,0.0,0.0,0.0,0.0,0.0,0.0,0.0,0.0,0.0,0.0,0.0,0.0,0.0,0.0,0.0,0.0,0.0,0.0,0.0,0.0,0.0,0.0,0.0,0.0,0.0,0.0,0.0,0.0,0.0,0.0,0.0,0.0,0.0,0.0,0.0,0.0,0.0,0.0,0.0,0.0,0.0,0.0,0.0,0.0,0.0,0.0,0.0,0.0,0.0,0.0,0.0,0.0,0.0,0.0,0.0,0.0,0.0,0.0,0.0,0.0
0.8949011267953204,0.8937853344151213,0.8927386497884903,0.8944894455434085,0.8927321250908629,0.8925947306469139,0.8933312046826075,0.8932722327718174,0.8925817832281082,0.8927622031588965,0.8926375085378936,0.8920994865505806,0.8917630961631179,0.8911058671044009,0.8918826553523941,0.8909389730725268,0.88992137103636,0.890565034031191,0.891515953717166,0.8918161350634828,0.8926516839764703,0.8927164241082057,0.8926748675581179,0.8932361414327179,0.8929442101340124,0.8940222408603791,0.8948419295100392,0.8894409112142926,0.8887373974051741,0.8855638089983003,0.8850439022708283,0.8830095517786003,0.8841705072120979,0.8841863457647486,0.8839502875214691,0.8835219127425763,0.883247565597706,0.8883079373878777,0.8882288242017939,0.8909332453633325,0.8907065632978199,0.8943425559561881,0.8934397526270301,0.890195576262953,0.8910109737080283,0.8909951093848143,0.8867150167774087,0.8866280119998956,0.8872163243774972,0.888178588157474,0.8883989506066469,0.8880380903783521,0.8832281068757949,0.8851050265353788,0.8854167543340574,0.884818254404858,0.8886217168307275,0.8886058007873006,0.8879369958960621,0.8874130809815508,0.8879981807419138,0.8870744578459584,0.8922048864296537,0.8808797893340108,0.8809975470424563,0.881836165467168,0.8820746448830132,0.8818854407839021,0.8824230105769237,0.8810911853590442,0.8781996638976983,0.8791776347641503,0.8791610164268493,0.8914153528175406,0.8906109546348979,0.8907478393076126,0.890507613650702,0.8904736698528912,0.8904044415391938,0.8906908970623002,0.893031381043126,0.8916439714436211,0.8907929461037588,0.8909702994457819,0.890638028455971,0.890639310185985,0.8835385510344249,0.8786405927259832,0.8793184514287615,0.8805059918596484,0.8800688727832986,0.8808068940242106,0.881730959635177,0.8821160417512692,0.8799006546935539,0.8797722192439797,0.886975151111258,0.8865891930026463,0.8861761103547723,0.8852708555327826
0.04286190782723631,0.16967282087928526,0.3113395426925873,0.462841445925265,0.370273156740212,0.43992400929682557,0.46483619006176496,0.40673166630404434,0.36990317688325575,0.359772225981317,0.3916945513899497,0.36204617799681627,0.30257887936489714,0.2984102032075324,0.2984102032075324,0.21959237599954307,0.16750535341980588,0.21555008991651237,0.24649120563287497,0.29953284391474244,0.3065698369012475,0.3471532941230291,0.3471532941230291,0.303780943017822,0.303780943017822,0.32924010726319075,0.3638543604388753,0.3966658019247331,0.40629844155107087,0.4178981542988658,0.44123017288046373,0.4849114721370967,0.5240569366589944,0.5375112513723856,0.5375112513723856,0.5120520871270169,0.4958168974493692,0.46928795997625034,0.5019926376530988,0.4276854639351411,0.392531261715265,0.39034134219797845,0.40212342874180873,0.4227476355443369,0.4227476355443369,0.4227476355443369,0.48494340233751193,0.43470201073178083,0.3628261036921021,0.3953662723870508,0.37564399222699474,0.38081407836611114,0.41325017899070593,0.33497796917502853,0.4078074876264745,0.4078074876264745,0.3178887524498599,0.33482455351844687,0.3504753469710644,0.329951373483238,0.39719344037604887,0.3127737851286636,0.2323785574640176,0.2323785574640176,0.2110720851312593,0.2110720851312593,0.21450394001313966,0.253242080987671,0.2286612354034887,0.19945149609827495,0.2040898171727481,0.230160355428789,0.2271919314031121,0.2271919314031121,0.23274457666567705,0.29329612446340336,0.2999223615976727,0.2583506656057655,0.2630458059208871,0.27612091727377286,0.19253948392696163,0.16364367781806166,0.16364367781806166,0.1938059326097814,0.15315007214986154,0.12800017872207636,0.19835902105461023,0.26166791194585515,0.33324795656172723,0.36855826250671564,0.3808358101260596,0.42462917498480196,0.4470768264836936,0.4918942237300469,0.560413122765749,0.6194884675393466,0.539071533190663,0.5380643013677013,0.46178911643670767,0.4134475773231186
0.8961795130228838,0.8957673908425647,0.8948305877196375,0.8947879212604888,0.8945326173569184,0.8942304345992307,0.8945048749410638,0.8946781097510044,0.8940058097235648,0.893898259867645,0.8938909146411952,0.8935671018137896,0.8933794318199482,0.8926473148943519,0.8929481173029398,0.8927810897410147,0.8917997910795347,0.8917402728996577,0.8923656586718121,0.8924764071643712,0.8922978707767157,0.892158369619868,0.8918734387734591,0.8924454552847465,0.8919661071860215,0.8923135338103784,0.8929830400342038,0.8876083772924946,0.8871383528458907,0.8837610989854856,0.8839679991052188,0.8812828698573132,0.8820456943815383,0.8822565390480008,0.8822763421188128,0.8820596661420399,0.8820023927328767,0.8873537594015678,0.8861793575860485,0.8894214029056442,0.8892123509083826,0.8917568981835817,0.891058780122302,0.8874275748040162,0.8878552265534191,0.8880978003984425,0.8833350080168598,0.8834602193711449,0.8852291624590295,0.8854647166441953,0.885529461684716,0.8860526462601298,0.880667671696248,0.883638389454954,0.8834250541666526,0.8827316329603965,0.887809015369642,0.8878185655044264,0.8869517842827184,0.886921485854649,0.8867249761528392,0.8867325801382113,0.8926954466634853,0.8817743015827262,0.8817108203867182,0.8824676171509367,0.8822520873390814,0.8816059863036569,0.8820927149504983,0.881596432629945,0.8797430533436961,0.8799047673601379,0.8800423118843271,0.8916077492261956,0.8915193733680123,0.8909461894173955,0.8905546682247352,0.8909551017021954,0.8911132955847194,0.8910460168820691,0.8930165486092388,0.8926372618672783,0.8919911316635141,0.8921092514526429,0.8922800590552065,0.8922734792940628,0.884169336496851,0.8784322392284052,0.8786137867814576,0.8792698365673225,0.8794502275424545,0.879278292181146,0.8799374294708475,0.8798895134662048,0.8768497238282686,0.876789324752943,0.8851220730424645,0.8845341264984186,0.8845699416972275,0.8838733972490121
0.0,0.0,0.0,0.0,0.0,0.0,0.0,0.0,0.0,0.0,0.0,0.0,0.0,0.0,0.0,0.0,0.0,0.0,0.0,0.0,0.0,0.0,0.0,0.0,0.0,0.0,0.0,0.0,0.0,0.0,0.0,0.0,0.0,0.0,0.0,0.0,0.0,0.0,0.0,0.0,0.0,0.0,0.0,0.0,0.0,0.0,0.0,0.0,0.0,0.0,0.0,0.0,0.0,0.0,0.0,0.0,0.0,0.0,0.0,0.0,0.0,0.0,0.0,0.0,0.0,0.0,0.0,0.0,0.0,0.0,0.0,0.0,0.0,0.0,0.0,0.0,0.0,0.0,0.0,0.0,0.0,0.0,0.0,0.0,0.0,0.0,0.0,0.0,0.0,0.0,0.0,0.0,0.0,0.0,0.0,0.0,0.0,0.0,0.0,0.0
0.002225020748138462,0.018528172223289285,0.026776167095455605,0.024469029210259174,0.02758321448575245,0.022986012071460376,0.022267091863694816,0.019483705380732963,0.021162633336049137,0.019046370002444225,0.023169826806182937,0.020778909153200863,0.01707160040984217,0.015785007485715673,0.012793587946789486,0.015618322117858163,0.013822965056148018,0.013822965056148018,0.010822549028849781,0.014242069353598641,0.01069849025885361,0.011349499523847405,0.010729592583227277,0.010261423951886783,0.010410992022811438,0.011097250877582888,0.011097250877582888,0.011097250877582888,0.011443150303712724,0.008301990137560633,0.01121448982553277,0.009471265843677034,0.009632064428603116,0.009632064428603116,0.010170173302326191,0.00866099822138704,0.00866099822138704,0.00866099822138704,0.00927956787675015,0.009580738175532932,0.007853289192366653,0.007853289192366653,0.008052163318940587,0.008780311629939063,0.007080058665444966,0.008783098363910734,0.013079032666844626,0.015953303411393005,0.017044593354810365,0.016465062897430816,0.014914607409042092,0.01774063051099457,0.021447791597278876,0.023832763423234128,0.02572594921735032,0.022021091573983576,0.019914892708492095,0.018903532124429655,0.018400759105369247,0.018400759105369247,0.020707968238629616,0.021076797186001618,0.020003691807330526,0.016894933137703915,0.01831018517408518,0.01831018517408518,0.018778030334367556,0.016915120173881616,0.014903144497472098,0.018356756811691265,0.019335859539168786,0.016141007489844306,0.013823870591371978,0.01381950912404486,0.012678634722321913,0.012678634722321913,0.010135143514008682,0.013073166300547445,0.015815840789161494,0.016370034421541835,0.012646747560579286,0.014278356975767981,0.01607776840836008,0.018124602306211914,0.020715349486709923,0.020715349486709923,0.02103913414905243,0.0228036931211947,0.020817948818689657,0.01681014287209015,0.018131826398525154,0.01650021698333646,0.014024214030103455,0.011977380132251626,0.011385621638376886,0.011385621638376886,0.012251475491926466,0.007548893733245432,0.006791963547136426,0.01074213160789581
-0.11316354345299118,-0.1188824111093143,-0.14350087579510765,-0.17240756398421797,-0.14561793777349658,-0.170569008512361,-0.17782108369294886,-0.16667488335219838,-0.15665504712877404,-0.1592592838596368,-0.16255338359403507,-0.15358620328808215,-0.13929529140027155,-0.1400627384547179,-0.14480672778801287,-0.1162030257891546,-0.10522875644745575,-0.11569404965125037,-0.12595466905514457,-0.13102480394139562,-0.13203024374343375,-0.1453361520849014,-0.14597562925642488,-0.1388536009387365,-0.13844432216011776,-0.14838582421028068,-0.15687313377187576,-0.1662527798952677,-0.16779961672116056,-0.1735438618779707,-0.17873782677976244,-0.18931234710245945,-0.20084136279507891,-0.20261201036536916,-0.19920251550724152,-0.19478995324130538,-0.19071123860202607,-0.1833847957761427,-0.18695658286842604,-0.1700591977552688,-0.1635547066861288,-0.16185098194583353,-0.16446408457640346,-0.16735135642788893,-0.1681143893284606,-0.16367974453294823,-0.17157823414565598,-0.15833316350523424,-0.14364402221682218,-0.14955473922288479,-0.14621777781046016,-0.14528661353101208,-0.1481419815639259,-0.12906005887924482,-0.14696731086119302,-0.1477306502786842,-0.12628933251395713,-0.13214680342282517,-0.13565845447506303,-0.13350731996973436,-0.14350827364055413,-0.12589188314754568,-0.11014143348932937,-0.10594002062830779,-0.0978571600456549,-0.09835864852355716,-0.10366216643957919,-0.11330894919778514,-0.10743785154010413,-0.09373436859792869,-0.09838586811528102,-0.10842614720966592,-0.10639022337752051,-0.11164444147155068,-0.1165517124719873,-0.13712204808933395,-0.14147014824408463,-0.1286764809197491,-0.13083047874733272,-0.13801650117504138,-0.12186128096678388,-0.10657007093317361,-0.1026428507189463,-0.11073833369786304,-0.10064212935669739,-0.09340585480159698,-0.10649870034282394,-0.11684162536772673,-0.13296328609259528,-0.14446866014747028,-0.1468996338503196,-0.16485815235115703,-0.18078996831440008,-0.19344314828588277,-0.20687595053891022,-0.22117629810718453,-0.20283948621711154,-0.20867932092767666,-0.18795950779385037,-0.1714480730113898
0.0,0.0,0.0,0.0005258397987288888,0.000420671838983111,0.0003505598658192592,0.00030047988498793643,0.0002629198993644444,0.00023370657721283946,0.0002103359194915555,0.0002103359194915555,0.0003691183962430955,0.000646474859141577,0.0005940853893509513,0.0008126774445532447,0.0008126774445532447,0.0008126774445532447,0.0008126774445532447,0.0008126774445532447,0.0008126774445532447,0.0008126774445532447,0.0006577007795449674,0.00038034431664648596,0.0002223978669455562,3.8058117432626657e-06,3.8058117432626657e-06,0.00017693139776273626,0.00017693139776273626,0.00017693139776273626,0.00017693139776273626,0.00017693139776273626,0.00037774310933240683,0.00037774310933240683,0.00048146568097440223,0.0006583530543293747,0.0006583530543293747,0.0007065572350580141,0.0007065572350580141,0.0007163589191701902,0.0011902088273584965,0.0011902088273584965,0.0009855913040455633,0.0009855913040455633,0.0010114327079140395,0.0010057120534071374,0.0010057120534071374,0.0007843822866590245,0.0007843822866590245,0.0007745806025468482,0.0006788679637173445,0.0006788679637173445,0.0006788679637173445,0.0006788679637173445,0.0005493039882068729,0.00037813726935880253,0.00037813726935880253,0.0005679607682328225,0.0005679607682328225,0.0009258908872254778,0.0005477536178666754,0.0005477536178666754,0.0005477536178666754,0.0005477536178666754,0.0005477536178666754,0.0005477536178666754,0.0007030246354950975,0.0005531018809062261,0.0005531018809062261,0.0004278257467596802,0.0004278257467596802,0.0004278257467596802,0.0004278257467596802,0.000652553882257223,0.0008387550052340487,0.0010497307795830579,0.0009260983173088988,0.0008861975730237503,0.0010858595541636262,0.0010324656731279802,0.0010324656731279802,0.0014882099736526655,0.0014882099736526655,0.0012634818381551227,0.0010772807151782971,0.0008663049408292878,0.0008346663854750247,0.0011338362810823454,0.0009341742999424696,0.000921622670351141,0.0011044337821267901,0.0006728926527642898,0.0006728926527642898,0.0006728926527642898,0.0012767542738941983,0.0012767542738941983,0.0012767542738941983,0.0010065617508971058,0.0013409795627762123,0.0011742710885570772,0.000991459976781428
-0.034856881611869284,-0.049757424380008075,-0.05800760671736723,-0.058928438829210616,-0.056525558965972424,-0.052962827125527724,-0.05397395435208604,-0.0506705328454764,-0.05095691279831113,-0.048089881358765754,-0.051443322427049056,-0.04710508183500419,-0.041791116162962536,-0.04066937967379225,-0.039284073601803374,-0.03900667830129763,-0.035689815640866304,-0.03674884049985323,-0.03560612000650263,-0.04109098602219206,-0.038976566174449626,-0.04238711594928688,-0.04255934939093251,-0.0406463756704218,-0.04108213896581656,-0.04346758392066583,-0.04359374900820221,-0.043223522864958855,-0.044040044097870455,-0.041295810787612554,-0.04420832826103922,-0.04313330334984418,-0.045235121177873164,-0.046304728300801304,-0.045315545818197835,-0.04354183528759581,-0.043537813972469766,-0.0438321080349386,-0.04481851865105,-0.04338465192607703,-0.04065859629092117,-0.04044188767977523,-0.040700186212818144,-0.041734171187724024,-0.04078668906414595,-0.0404192202182239,-0.04598247581554116,-0.0468750014010336,-0.04558527396803243,-0.04515510577222148,-0.04401145359066696,-0.046523304896124176,-0.04957225239215486,-0.04896370426695871,-0.0536356339400351,-0.0514420526232934,-0.045582197733372534,-0.046324706947578245,-0.04660410955527876,-0.04574454651565372,-0.04926860681582088,-0.04747969160214911,-0.04449114743623017,-0.04114186658032661,-0.04119530265389475,-0.04137397879155937,-0.04318161066532298,-0.041839740264011736,-0.038371684106648374,-0.039821464766279034,-0.04020193845422817,-0.03764760566183263,-0.03514252629571111,-0.0349669541003685,-0.03455755239291243,-0.03674298898044093,-0.03558991224440504,-0.03679771838139754,-0.039585384071792795,-0.04206974457006698,-0.03643498260499314,-0.03671596973587725,-0.03709607057235864,-0.04136405589555068,-0.04174823781844896,-0.04177585023498533,-0.04392088869546971,-0.046965177983273244,-0.04819417862489761,-0.04500670280157966,-0.046934819769134425,-0.04716397513729973,-0.04691678985561367,-0.04477898868958299,-0.04638142134745706,-0.04681682718286932,-0.044440818928464944,-0.039653801660064755,-0.03535406593215491,-0.03665035908715168
0.04246002013060757,0.05659189693897293,0.056290206167385705,0.05655836285103222,0.04921669361498804,0.05133196413962319,0.05295064583448461,0.04961988922285365,0.0487826097151555,0.04846114923813989,0.05043529292531197,0.04336291555057814,0.03779423308815701,0.03651138040859081,0.035656317579395136,0.03340055401308621,0.029438114151491845,0.031242418132781325,0.032373354331579306,0.03523987242195244,0.03227233415002626,0.036347302022045634,0.039020554389923134,0.0391791023019195,0.04227486450404605,0.041788902199144926,0.042051166852033896,0.0432593858547861,0.04403280703324057,0.04306954175089963,0.0472364886750503,0.04764834948018617,0.048304493727474626,0.04832537449732897,0.04458375060552981,0.04377148503576365,0.04267242358336567,0.04241092355401577,0.0409898001421217,0.035085806579164824,0.030506358943927482,0.030590291655820147,0.03173349247597059,0.03164233541548391,0.031158258267271054,0.029755031427271296,0.037023982615788764,0.03598506157248442,0.035078148010638174,0.03648643359572636,0.035857005223132975,0.03700862576782429,0.03871730970173415,0.03879981307649656,0.04664364942414796,0.04541003602884404,0.036674047901064634,0.03783255282995039,0.035835641465602384,0.0364602403053544,0.04030898819953865,0.03700368748532608,0.03360380720448344,0.030605028082510623,0.02703349233233556,0.02703349233233556,0.02798221015904536,0.028822195896311787,0.0271532541127276,0.027756067271343544,0.030804734411666868,0.03129581973881761,0.02851441865043398,0.026888992165649394,0.027494397224773603,0.031560751137027054,0.0333741638512846,0.029860981526073083,0.03053406278921056,0.03076463469627342,0.021656541317139233,0.02131632757693618,0.02422851272753803,0.028417735472609083,0.030446442691917052,0.031120423752201542,0.03166199791626463,0.03800371864468035,0.041448909200467995,0.041088457556378,0.04273115395620941,0.044802161720248534,0.04454784131859402,0.043144497290069236,0.042630448594682235,0.04482152472078767,0.04207380538996901,0.03582010008575694,0.03332657327760451,0.031710769606690725
0.0,0.0,-0.0029461478323075476,-0.004402814854292725,-0.0035222518834341797,-0.0029352099028618164,-0.0025158942024529857,-0.0022014074271463624,-0.001956806601907878,-0.0017611259417170898,-0.0017611259417170898,-0.0032755501458988866,-0.004445470291473352,-0.004884746594720024,-0.006205140827655243,-0.006205140827655243,-0.006205140827655243,-0.006205140827655243,-0.006205140827655243,-0.006205140827655243,-0.0063579433886519435,-0.0054785713854095695,-0.0034248068901428395,-0.0021082489948713425,-0.0007878547619361243,-0.000983643754176189,-0.002625071626291842,-0.002625071626291842,-0.002625071626291842,-0.002625071626291842,-0.002472269065295141,-0.003291811996492644,-0.0038950804864015254,-0.004193677471237667,-0.005108382957597612,-0.004912593965357548,-0.00526393617316776,-0.00526393617316776,-0.006112268693165568,-0.008448512067592251,-0.009513158461837357,-0.00805856332970043,-0.007665691793017526,-0.008070069725169392,-0.00873687449017444,-0.009007867282436698,-0.007015097202510834,-0.007015097202510834,-0.006166764682513026,-0.005385346687723391,-0.0046187522730441796,-0.004907577924633255,-0.004857606341265619,-0.00415463142427761,-0.002573121172912618,-0.0030927622127872034,-0.004219016704833045,-0.004219016704833045,-0.006121819347081914,-0.005039641418227436,-0.004741589438661542,-0.0045996698197766864,-0.004439244449918345,-0.004439244449918345,-0.004757624768319068,-0.004970175226585738,-0.00525606914635901,-0.00525606914635901,-0.0042610526934863556,-0.003788405242703785,-0.003788405242703785,-0.0038430128036725185,-0.005421226169355542,-0.006428241308072647,-0.0066855473385872164,-0.006759338915752355,-0.005347190503933241,-0.006440436646585201,-0.007402978965429963,-0.007402978965429963,-0.00973445854635635,-0.009532944952683397,-0.007954731587000375,-0.0069477164482832695,-0.0063720300993679755,-0.005295054231799323,-0.007545413815617685,-0.006452167672965725,-0.006306095645525378,-0.0076314173961790745,-0.006449131211744863,-0.006449131211744863,-0.007117572264276983,-0.009805774845315262,-0.010116900693586306,-0.010116900693586306,-0.008656166419887246,-0.01086595417575591,-0.009141697694975281,-0.008515899997945109
0.0,0.0,0.006206497912560671,0.008033634002396317,0.009157432368836638,0.007631193640697198,0.006541023120597599,0.0057233952305228986,0.005087462427131466,0.004578716184418319,0.004578716184418319,0.006325197563213347,0.00656778635454911,0.006533285021279589,0.006721368850035425,0.006721368850035425,0.006721368850035425,0.006721368850035425,0.006721368850035425,0.006769918761537053,0.0073424016331013146,0.006833421295819697,0.004728883130715733,0.0034118802367949287,0.0018585338245793003,0.0032169589301590308,0.004500001316518354,0.004500001316518354,0.004500001316518354,0.004451451405016726,0.003878968533452465,0.0039743262972931955,0.004704119495971071,0.005035756753183929,0.006531336596205683,0.005400670234785565,0.005808403064593737,0.005808403064593737,0.007014731396626317,0.009251155444032566,0.010797582436248199,0.009464723630894057,0.009307103088631941,0.009844262113281843,0.009755047310753362,0.010883568766178886,0.009192793550011392,0.009192793550011392,0.00798646521797881,0.007010203307342522,0.0061062589185841174,0.007115217836760923,0.007673500890515328,0.0068047046086525675,0.005398339568159294,0.004850326714594466,0.006562826152194568,0.006562826152194568,0.00875418704019042,0.007825927825178791,0.007748186816604363,0.008057293271867837,0.007643283414981194,0.007643283414981194,0.009152661133278884,0.009339530529594242,0.009738432230127981,0.009738432230127981,0.00826097246784121,0.007929069546082879,0.007364327951200078,0.006142809688117002,0.007126335677349704,0.007902442648780905,0.007528069747579557,0.007442993812829713,0.005629931775838148,0.0073166685568904375,0.009091947704645609,0.010074777185150818,0.011959990806297328,0.011863443695940123,0.0101634718534239,0.009598423334836426,0.008463418517740084,0.007553357710154263,0.009290311067552714,0.007603574286500425,0.006906708801102468,0.0069411561999365825,0.006566363467478009,0.006566363467478009,0.007072589613988711,0.008894428003095456,0.010084586297821562,0.010084586297821562,0.00935414861742947,0.011072748243232322,0.009280433455166026,0.010185747199612294
-0.025458770912623052,-0.024061373636343752,-0.0160409157575625,-0.016371701146165707,-0.013190956318742586,-0.019066302520959127,-0.020219556114718835,-0.019869404591214,-0.018961678849175594,-0.02135668431637967,-0.01982862839274313,-0.017562230756736685,-0.017562230756736685,-0.01794519438814568,-0.01789839668724067,-0.015462766832399754,-0.014294492247049017,-0.015293320347854421,-0.017298278985564776,-0.015350886254525253,-0.015211469786592158,-0.01588866953358643,-0.017818729777563647,-0.019721391864735427,-0.021908324411604774,-0.019499650913241507,-0.019688537154084074,-0.02179537769199591,-0.022197221572434155,-0.02398885901023773,-0.025236835023338067,-0.02708479295336543,-0.02666080902512711,-0.025151258299755862,-0.022964325752886518,-0.023518884449791066,-0.02238628721839726,-0.021321259030252192,-0.018864902646037508,-0.01472948458715182,-0.012603103874358812,-0.013513320439272825,-0.013896125951819372,-0.01334039550649777,-0.01334039550649777,-0.01278583680959322,-0.015216338182111055,-0.012595918307481302,-0.012205239609354024,-0.013393558351654544,-0.013643761665778076,-0.01155477636281681,-0.010299991617704762,-0.010586098881842521,-0.014510540672412642,-0.014510540672412642,-0.011478117108069074,-0.012258509391787964,-0.011528754664694496,-0.012810993377521385,-0.01346327905830913,-0.012116890119334745,-0.011623186592994638,-0.010442648405180676,-0.0065182066146105555,-0.0065182066146105555,-0.0065182066146105555,-0.009608581242431403,-0.009608581242431403,-0.008517646181840898,-0.011526988982668396,-0.014211530780747595,-0.01407113722391431,-0.013214583203550134,-0.014291388800573656,-0.01695465954495825,-0.018296427960073736,-0.013263606079923562,-0.013263606079923562,-0.012060537474163269,-0.008148705678424495,-0.006976560546112243,-0.008626425328845855,-0.009504126096503552,-0.010701912913033329,-0.01133188090895212,-0.010671249527629545,-0.013994672044123035,-0.01508976644712252,-0.01706282235460348,-0.01706282235460348,-0.019779950299122807,-0.020739012650701126,-0.02187271750355473,-0.020440860863350886,-0.022399972149739256,-0.021718835115946345,-0.020737161102556634,-0.02133985646835592,-0.01919024677209835
0.06212410015985825,0.05560011242365115,0.06555882414982557,0.08036404345009429,0.0660101549693112,0.08321697659437466,0.08752285242025867,0.08284169819811305,0.07605816734192644,0.07951510505354782,0.07965993852071214,0.07628291057101193,0.07011425857233404,0.07118452891088042,0.07436234681550827,0.05743723834353907,0.052108575907980036,0.057111794952502695,0.06444899665846615,0.06427008737621567,0.06482268789099684,0.07157581541281248,0.0719509063149671,0.06920921873795012,0.06922265742662799,0.07291175047964607,0.07764994270720069,0.08372127869054284,0.08424684756585114,0.0888743429055617,0.09161655629346739,0.09783806420030286,0.10384045077428569,0.10472789057253755,0.10254613909243457,0.10139426743080038,0.09877442019279985,0.09428719149384768,0.09484378829821974,0.08527913581227602,0.08221802369794617,0.08106736561626068,0.08245904261541574,0.08291805285228873,0.08369869444425997,0.08116147305287609,0.08340431734998062,0.07485338595498618,0.06727722779497339,0.07043165409758186,0.06908009558324883,0.06724395919837278,0.06711354678055532,0.05646669824632158,0.06545580010139204,0.06729406659296519,0.05735421236887288,0.06157645020870981,0.06345248710716267,0.06324499552903151,0.0670774541843215,0.0578683202238071,0.049859446927908516,0.04974711834006222,0.04385057459691812,0.043906626969699804,0.045769872933049925,0.051787742035745724,0.04979201300900411,0.04089839026719642,0.04436023326019482,0.051893268967899274,0.051943189793021836,0.05430787531402885,0.058798391052560836,0.07007495427109237,0.07383456437325153,0.06508347331604851,0.06536837275154073,0.06882852791278578,0.06147310649554059,0.05200293071779973,0.04994416836956115,0.05273677010946278,0.04616504927479374,0.04165739125831582,0.04812079640182827,0.052429048780623974,0.06136655346818831,0.06958669841205307,0.07030322358950872,0.08105872061550931,0.09121871888713176,0.09956226768195439,0.10653423714464876,0.11484624219255983,0.10520046744060658,0.11108828433495695,0.10142633318891918,0.08974603308380938
-0.0018979947250092888,-0.017958482502539175,-0.026092985219671478,-0.023863044477505646,-0.027228575940507004,-0.022690479950422504,-0.022029967365021403,-0.019276221444393726,-0.020964812327662157,-0.01886833109489594,-0.023007609479244028,-0.020587321754109246,-0.016869180115405967,-0.01554053489881071,-0.012402124156338633,-0.01536908920464164,-0.013562400019380161,-0.013562400019380161,-0.010506642116952514,-0.01388046117598698,-0.010281545574667827,-0.01101726252671158,-0.010499205100021248,-0.010110528091515691,-0.010242691900704638,-0.010886591592264728,-0.010886591592264728,-0.010886591592264728,-0.011278800828865477,-0.008109287296823142,-0.011107808702047483,-0.00939048244713161,-0.009456055822031174,-0.009456055822031174,-0.010129990961352897,-0.008505773448692943,-0.008505773448692943,-0.008505773448692943,-0.009229687527993802,-0.009560085173776623,-0.007734816395362243,-0.007734816395362243,-0.008062695814999587,-0.008683715570365203,-0.006946957185075364,-0.008590511845829818,-0.012906367695228238,-0.015806392649821442,-0.01680586458257958,-0.016271161409804624,-0.014792561944261906,-0.01776093391781819,-0.02139692236914863,-0.023818931824542755,-0.02575968152993935,-0.022129479641981753,-0.019874491325441567,-0.01877776994085769,-0.01827763831959315,-0.01827763831959315,-0.02063844345629633,-0.020765760055542336,-0.019677969435528908,-0.01663494022476917,-0.018111945890728377,-0.018111945890728377,-0.018723246736226985,-0.016919943166217654,-0.014912883501869145,-0.01825388013605376,-0.019284844450116845,-0.016189155877314555,-0.013945525084873256,-0.013945525084873256,-0.012541776287327245,-0.012541776287327245,-0.009919757530809004,-0.012802380374543131,-0.015431616319542507,-0.01608451253936318,-0.012267927671799805,-0.013773944544389249,-0.015579172058139013,-0.017744385131023853,-0.020598635497512598,-0.020598635497512598,-0.02088086433334855,-0.022597732822004436,-0.020748178527798266,-0.01675428567379298,-0.018083612640088197,-0.016577595767498753,-0.014074348420336369,-0.011909135347451527,-0.011164713605083842,-0.011164713605083842,-0.012055056015833964,-0.0074555646834439495,-0.006675883032650742,-0.010618669529682467
0.0,0.0,0.0,0.0,0.0,0.0,0.0,0.0,0.0,0.0,0.0,0.0,0.0,0.0,0.0,0.0,0.0,0.0,0.0,0.0,0.0,0.0,0.0,0.0,0.0,0.0,0.0,0.0,0.0,0.0,0.0,0.0,0.0,0.0,0.0,0.0,0.0,0.0,0.0,0.0,0.0,0.0,0.0,0.0,0.0,0.0,0.0,0.0,0.0,0.0,0.0,0.0,0.0,0.0,0.0,0.0,0.0,0.0,0.0,0.0,0.0,0.0,0.0,0.0,0.0,0.0,0.0,0.0,0.0,0.0,0.0,0.0,0.0,0.0,0.0,0.0,0.0,0.0,0.0,0.0,0.0,0.0,0.0,0.0,0.0,0.0,0.0,0.0,0.0,0.0,0.0,0.0,0.0,0.0,0.0,0.0,0.0,0.0,0.0,0.0
-63.609820162063265,-64.01084466786375,-64.50273340253742,-64.71258204675647,-64.69757783378998,-64.74694295869725,-64.75700431656298,-64.61071115753403,-64.52110649539756,-64.44173758374896,-64.57818124242343,-64.52941200349409,-64.37478419594859,-64.36272788276875,-64.30746369326599,-64.12432151386939,-63.983151577362094,-64.03364003129835,-64.08621312130427,-64.22990546293708,-64.1223783315471,-64.21387057143498,-64.14411478322934,-63.98923036239942,-63.90472983851771,-63.99116036634979,-64.07233571200757,-64.14889901488587,-64.15923374275658,-64.18910192566192,-64.30982546110218,-64.35459786273682,-64.45325499354138,-64.54015188318945,-64.61278438482563,-64.59386961305117,-64.58839140987124,-64.53799902572669,-64.58144241284849,-64.50202893991693,-64.43289894494447,-64.32010262307502,-64.35129314319464,-64.43708129436456,-64.4095694666328,-64.3963292994728,-64.54357929870115,-64.48645339281674,-64.36700574968017,-64.29814472708107,-64.27647784728453,-64.39660464227657,-64.53935143614845,-64.33882528086029,-64.45731802688665,-64.44479815009615,-64.26574564151672,-64.33500015178168,-64.40251784112078,-64.36263239961197,-64.42924607188309,-64.26761213501763,-64.03286719987298,-64.07407786581724,-64.03677146901911,-64.04518571641913,-64.04915079206003,-64.03693738201073,-63.9714540152127,-63.95293815964784,-63.999721749619745,-64.02777005438233,-64.05283263965461,-64.01556843929272,-64.07708257228072,-64.21495463391346,-64.188812108492,-64.18747652001575,-64.22317938599545,-64.30303850217256,-64.16360104155783,-64.09699971550421,-64.04384050622237,-64.1184226002587,-64.03892882614062,-63.912484489382564,-64.13541481016843,-64.26626649635084,-64.34164281334843,-64.33178633594505,-64.3580130359046,-64.39502450469256,-64.45650910888943,-64.51455158416891,-64.6564636756193,-64.78376646259211,-64.56346846191134,-64.5143649415002,-64.34551267604604,-64.31419950536724
1.795800307418851,1.9557491938220297,1.9864809676392943,1.9365053274558774,1.960490640937697,1.921702600553359,1.9092029815566085,1.8992155224325118,1.9053882008261398,1.8049533107326887,1.81485081156565,1.8065128134145616,1.8014778817046655,1.8167775403396837,1.8100068054503793,1.8374475500638296,1.8426407967672294,1.8443230868723675,1.8252717689519713,1.9283825489049395,1.9467622968586684,1.9307870539071579,1.8478460757487594,1.7854969521921877,1.7724027570634493,1.7788056041036637,1.7892856832139727,1.782218500505423,1.7979170691879045,1.7797182682899582,1.7572276472869537,1.7595375871224412,1.8378229906050905,1.8892891286469595,1.9011110258066934,1.8962621427747206,1.8912124740520238,1.8839174090539754,1.8943230819991683,1.9291115865395685,1.9516807095431346,1.9372512426219881,1.9458395048881598,1.96045621280627,1.9657045608437957,1.9752670393309963,1.9266601175749194,1.9455686078192176,1.9445475825349896,1.919030256438592,1.911477822992324,1.9407956737948733,1.9459761853900737,1.9513492507818282,1.9429606831258581,1.9322956700709295,1.9763930627097,1.975259853919803,1.9697165947193085,1.969749512276815,1.9692418070011222,1.9680601271301499,1.9584602847596215,1.9337332320926575,1.9568865799028763,1.9492307881354722,1.9594614483839023,1.8838334603010902,1.8739892835444518,1.8621119892243079,1.8729490351401865,1.8148574424695991,1.8131253883979652,1.7831499841722178,1.7475615903803088,1.7387225590825253,1.7337363980251983,1.8174991577568638,1.8441372229374804,1.8691679502206486,1.8428510078348712,1.8963018518208237,1.895492403136981,1.949701118854329,1.9635622248241382,1.9318211733921125,1.932371651857908,1.9444621270980575,1.9407922931025805,1.9393953917848759,1.9544524026348562,1.890810512719743,1.86592683920938,1.8480050907514685,1.8674818788445264,1.8825832055189824,1.8889804056982302,1.868301941199612,1.7772511298831195,1.7932540181059937
-4.504748993858129,-4.736978390482616,-4.309723983288891,-4.248894997344113,-4.042472639449627,-4.060645213833003,-4.0800080661289,-4.066302099204261,-4.0709018673236015,-4.115172707548263,-4.088194889931707,-3.9105050823797876,-3.867538209769647,-3.8206502609261066,-3.832946199023649,-3.8711354859067235,-3.8699931324503796,-3.9064102127691434,-3.9502857186074296,-3.9198835091453814,-3.8978505674119988,-3.9133216360786514,-4.064737067798848,-4.157353493711643,-4.269494244232868,-4.18689353062328,-4.132989308316379,-4.075691331528347,-4.060243418271264,-4.032957745861831,-4.075648078680361,-4.077577854272272,-3.9843543266255566,-3.9392285322067884,-3.8332445958435684,-3.8471158537696097,-3.817826852185713,-3.8945952440268696,-3.829565243035457,-3.715110937349781,-3.629364890078439,-3.728192710987134,-3.773951575012687,-3.713640292247441,-3.715475778334208,-3.676391897255752,-3.7365253136815575,-3.7463904621408295,-3.802815783385612,-3.8904082060565495,-3.919588760007913,-3.860664593389919,-3.7802638987400856,-3.884420522409873,-4.031394786443641,-4.034245404674143,-3.942471674171595,-3.9310168805474093,-3.819292218331767,-3.8347824913327115,-3.890481870154782,-3.8636364915568384,-3.927678108581264,-3.8063304658853676,-3.7218754825126252,-3.7190738631353533,-3.743733811552551,-3.757267246508623,-3.836585462048762,-3.890784741007151,-3.878376755845282,-3.947356572935992,-3.8673147204501483,-3.915745402001478,-3.863295784215049,-3.8867331496780495,-3.95409772922154,-3.85076114893666,-3.75899508045478,-3.6712789742146605,-3.580190147459787,-3.5894336018434125,-3.728354291877377,-3.7357063494286047,-3.8484950329334,-3.9384643672015778,-3.8063134766967837,-3.8861239171978115,-3.9400326992373964,-3.962444386269978,-3.942089300027456,-3.9538430675440934,-3.873188636497774,-3.8186517394309574,-3.686111560053578,-3.6858352463741566,-3.75171429079589,-3.6204531551478083,-3.7111530136820106,-3.6877617452378137
7.6777406472320475,7.289372619355213,6.582354367858187,7.427603537053318,6.929525677119756,7.315639336287617,7.445330662897251,7.574667590344185,7.557642782695191,7.6445389687764065,7.606130459347588,7.548269189845111,7.758011247654991,7.4678475740006665,7.590873213704977,7.345549519981496,7.436333527044219,7.443606983986285,7.565510453214986,7.407789139882079,7.3365978058567975,7.349568278021215,7.332477887875233,7.48315661639082,7.579633219783053,7.45945770298149,7.287111721241175,7.343510862187527,7.271311363000464,7.464411338479133,7.5145795783101645,7.563574872686419,7.570181870181057,7.470657043420722,7.39528213143028,7.599968255335762,7.580912113785525,7.658764095283109,7.60516868725765,7.288636209997212,7.226750167840163,7.42588929964154,7.414088849746588,7.295393835771364,7.325073498441999,7.100673460898868,7.145437293618765,6.912096674625248,6.896869135387159,7.057537181540567,7.102159139389812,6.854588527435245,6.674109366243083,6.726082182913137,6.7345147002346435,6.879399176852826,6.753626164284627,6.828999070969968,6.670663227597369,6.713015310293045,6.666622236149659,6.673910168456208,6.864094349194261,7.066414780724452,6.9266287489434335,6.9343096108337345,6.891402872820604,6.901769012222628,7.080220549825111,7.077147554227208,7.135660564718852,7.2758773543684985,7.206173783676542,6.903230082583368,6.997582736891417,7.030702705225593,7.163413110105648,7.028754502593314,6.803989191157392,6.701961840759576,6.752456586443404,6.688742137325986,6.8459861926383585,6.887255298948337,7.1642671201669135,7.253298120305115,7.165023627597336,7.112764614860268,7.226041149617743,7.296693464029256,7.134895793885926,7.258157738081917,7.267346126191406,7.3974596742906495,7.017356485983141,7.0555212038989525,7.086804659217114,7.326523087671172,7.572329369677043,7.464615866350916
-33.5392988240527,-33.778731113699365,-34.04957752086796,-34.037628625672184,-34.19061712644805,-33.8392664179977,-33.82099490826259,-33.794474754503035,-33.82221839252659,-33.69136279366036,-33.78864833822853,-33.83415610570512,-33.8223055111383,-33.74792216320447,-33.74288885901967,-33.85532528966699,-33.81318382941636,-33.805973411660275,-33.74246499266955,-33.88059246536064,-33.88700491744236,-33.8473733745977,-33.69520604183672,-33.66331533760404,-33.52406952493888,-33.71046146484998,-33.746571181260855,-33.280083982503214,-33.23149367229105,-32.9049111247708,-32.86093155691701,-32.59024014259874,-32.70202086757821,-32.767074032291205,-32.88321740214009,-32.787814409352755,-32.81770721589386,-33.23546867171392,-33.290790105437765,-33.6919566902195,-33.759662959404324,-33.940155327390684,-33.88923214077997,-33.69655835204654,-33.7029920294364,-33.76201479702473,-33.438400006405956,-33.57824394552417,-33.68729892619292,-33.654325770871495,-33.61930896193046,-33.72139938621982,-33.461741798345926,-33.64552551156724,-33.51095724908225,-33.39541791621159,-33.78898561397843,-33.737158225442464,-33.764081196432855,-33.67352416656181,-33.6936797686572,-33.752992902500765,-34.13098217748152,-33.371682175913534,-33.57050377895638,-33.636459325890215,-33.693170144015596,-33.53445161049131,-33.459107347965166,-33.50325206497155,-33.21892373684752,-33.093173395537846,-33.09896187791473,-33.897752417454555,-33.78213339010652,-33.66346467238064,-33.49713056596061,-33.763239013625046,-33.886678046986454,-33.96559221775374,-34.25010123005043,-34.242947926241,-34.100166079296955,-34.15517785961094,-34.156778882716104,-34.15918323815386,-33.7049146820418,-33.240122940184165,-33.13806307475541,-33.04831618672132,-33.048754586754924,-32.96520018730071,-32.96189532926219,-32.88188030191944,-32.73406800531272,-32.60491329839921,-33.14852059313748,-33.05069191796766,-32.94153799242662,-33.06084287460113
1.1999436873085731,1.1597919714556273,1.1253473354064272,1.180968282155843,1.0738433682166513,1.171010349268083,1.2044777152454458,1.1883120742607165,1.1521362492419316,1.1890845228012705,1.1778303992088806,1.1330024515308144,1.098109172284088,1.1026667311365301,1.126838375352243,1.0422298896087294,1.0047714045279643,1.0331960246298437,1.083273952648914,1.0648074080909065,1.0678210985565304,1.11175566539563,1.1383340629347507,1.1448147044399053,1.1733890542410577,1.1762651636911101,1.2003385562904911,1.2107103561456307,1.2137510867313832,1.2260025568903028,1.2426132837158794,1.2672469242628044,1.2933905733669964,1.2854014788592365,1.2386431134716065,1.2413772021668001,1.2248612998879402,1.229479629086375,1.206928768545579,1.1565643304474118,1.1268117440856833,1.1437880835194458,1.145202093419468,1.1314937455642644,1.1368364689167367,1.1077570477313379,1.1121542542358693,1.0546799160678675,1.0279421888188174,1.0541759839025133,1.0542413221548315,1.0242346475396182,0.9908417757562796,0.9548470745226048,1.029046226703024,1.043146887184867,0.9923809590438196,1.0194024960658872,1.0147227453650771,1.0204502462470941,1.0401172629089945,0.9972240982532469,0.9854253119350055,0.9395641918566489,0.885336581102955,0.8894915710236964,0.8963370819729416,0.9396620137428059,0.9389382872891803,0.885694874651098,0.9047073131275655,0.9600970199098292,0.9531652486935437,1.000935934843136,1.0273895078417943,1.094442081625911,1.1303061035925464,1.054520017651743,1.0415327133515686,1.0516511879198338,1.0052354326774955,0.9510341467735447,0.9521488352452103,0.9726378459025199,0.9504998965722832,0.9405908071521838,0.9282354900074387,0.9505242840852853,1.0086863394554775,1.0597262512063326,1.0659315343643982,1.1321817045199456,1.191316690280973,1.2292949153119719,1.2354128222845566,1.2758029167782954,1.257681770138825,1.270927776906902,1.2321378999834052,1.1540766131487703
-1.2029492133259518,-1.2071461935568744,-1.2157640761504684,-1.2214693407400237,-1.2273014426557889,-1.2297876004261301,-1.2272631489911716,-1.2255196249757916,-1.224909337713469,-1.2132259172504867,-1.214670738851812,-1.2167438253254745,-1.217412574198492,-1.2167171368393594,-1.214392525002062,-1.2096208467691427,-1.2139527986894287,-1.214765108182189,-1.2141963092971575,-1.2247379609181661,-1.2254476868218196,-1.223573919212979,-1.211602926327665,-1.2061457689935624,-1.1907987157283326,-1.1974327093521118,-1.1977442949509112,-1.199811924501327,-1.1996521624456051,-1.2033874990890745,-1.2022324359149852,-1.204080197781253,-1.2148020924643448,-1.2188535015034543,-1.2372029047519226,-1.2332207204673786,-1.231670410826974,-1.228847569330341,-1.233832312656552,-1.231912104676098,-1.2355698825701782,-1.2332480207712446,-1.235986811706106,-1.2364835260297495,-1.236754098417641,-1.2410701895631733,-1.235987441178958,-1.236030638236292,-1.2341243702196274,-1.2334663940740918,-1.233439962759802,-1.2389072888692536,-1.2385515497273978,-1.239132001725008,-1.2318209736456072,-1.2282525740326684,-1.2311550689922897,-1.230535267897686,-1.2294021552192205,-1.2278671641362393,-1.2251616163899528,-1.2218038390482122,-1.2211106921073274,-1.2198417958884915,-1.2249171484327286,-1.2247557222514178,-1.226014007917699,-1.2175902609339893,-1.2163866004633321,-1.2157187315530424,-1.2182152620126856,-1.2119322827880763,-1.2108887728793698,-1.2050165328836946,-1.202766830716477,-1.2027163924735116,-1.2016557789660518,-1.2128480689450687,-1.2162676726008803,-1.2184608006847086,-1.2170088166095352,-1.2205203700128182,-1.2185552899435117,-1.2255585842358994,-1.2281945239586867,-1.2225888141829988,-1.2237567742630393,-1.2214956696121038,-1.2196080330691446,-1.2209290711570655,-1.2203397569828025,-1.2191825458535779,-1.2183530475737587,-1.2187083736338882,-1.2186616221092474,-1.2211206148593532,-1.2241431513038676,-1.226635573229948,-1.2192429342476097,-1.2217213468989558
0.0,0.0,0.0,0.0,0.0,0.0,0.0,0.0,0.0,0.0,0.0,0.0,0.0,0.0,0.0,0.0,0.0,0.0,0.0,0.0,0.0,0.0,0.0,0.0,0.0,0.0,0.0,0.0,0.0,0.0,0.0,0.0,0.0,0.0,0.0,0.0,0.0,0.0,0.0,0.0,0.0,0.0,0.0,0.0,0.0,0.0,0.0,0.0,0.0,0.0,0.0,0.0,0.0,0.0,0.0,0.0,0.0,0.0,0.0,0.0,0.0,0.0,0.0,0.0,0.0,0.0,0.0,0.0,0.0,0.0,0.0,0.0,0.0,0.0,0.0,0.0,0.0,0.0,0.0,0.0,0.0,0.0,0.0,0.0,0.0,0.0,0.0,0.0,0.0,0.0,0.0,0.0,0.0,0.0,0.0,0.0,0.0,0.0,0.0,0.0
-8.839683981241247,-8.518499273834912,-8.302862217425185,-8.34033666970243,-8.250740105205505,-8.371345062100506,-8.38824034353273,-8.451994478796301,-8.414911196654158,-8.502275489748541,-8.41473038417261,-8.44887819913935,-8.523803683066975,-8.547670671820297,-8.616579935170671,-8.543893553535153,-8.592538361999612,-8.601069690845415,-8.667523505261027,-8.55557393172086,-8.630691290394244,-8.606570978921543,-8.642178769427714,-8.702125764718392,-8.706918693889374,-8.688547167294734,-8.700384888038176,-8.692789134553424,-8.682165415324544,-8.725863085892165,-8.66567454514061,-8.699985745607549,-8.684879967572458,-8.641792741313818,-8.620100281465445,-8.653807079845341,-8.640863302210983,-8.649595737986642,-8.625933720527199,-8.62899709673795,-8.65682570542114,-8.718835733544683,-8.705782422415744,-8.667028140528902,-8.721442813403923,-8.686932933792901,-8.55262464696948,-8.481394513470327,-8.471245320827668,-8.508042874471972,-8.54324174834737,-8.431159245268693,-8.321978821803597,-8.298956946784232,-8.25689508003026,-8.335012348405893,-8.404745721167382,-8.426186827390328,-8.422204352959197,-8.438465413504364,-8.393114790225093,-8.395242410582116,-8.456968163389645,-8.44044710161993,-8.401558483537544,-8.400656756584661,-8.390183984995437,-8.445975208660016,-8.521465546749022,-8.419008853945273,-8.388755001447992,-8.506179437540938,-8.546822845298513,-8.655221164805328,-8.668910354891157,-8.681106631071483,-8.738354256793311,-8.650071162658776,-8.565700051716496,-8.547497231118495,-8.650566703273997,-8.569478418459891,-8.53782416475777,-8.460968871044003,-8.421351824421711,-8.427720987382354,-8.366456507779002,-8.312765793956405,-8.355871359535845,-8.475812601957827,-8.424281465591564,-8.498518562934965,-8.587243412568501,-8.66946894936346,-8.656616435568065,-8.655865605511137,-8.690622459139947,-8.814197654662069,-8.871674482869574,-8.752538065374429
0.0,0.0,0.0,0.0,0.0,0.0,0.0,0.0,0.0,0.0,0.0,0.0,0.0,0.0,0.0,0.0,0.0,0.0,0.0,0.0,0.0,0.0,0.0,0.0,0.0,0.0,0.0,0.0,0.0,0.0,0.0,0.0,0.0,0.0,0.0,0.0,0.0,0.0,0.0,0.0,0.0,0.0,0.0,0.0,0.0,0.0,0.0,0.0,0.0,0.0,0.0,0.0,0.0,0.0,0.0,0.0,0.0,0.0,0.0,0.0,0.0,0.0,0.0,0.0,0.0,0.0,0.0,0.0,0.0,0.0,0.0,0.0,0.0,0.0,0.0,0.0,0.0,0.0,0.0,0.0,0.0,0.0,0.0,0.0,0.0,0.0,0.0,0.0,0.0,0.0,0.0,0.0,0.0,0.0,0.0,0.0,0.0,0.0,0.0,0.0
-2.1047942208135515,-2.1234132074884546,-2.182777604185564,-2.237203681287733,-2.2134657906684727,-2.2602759965270924,-2.270893873306211,-2.2436757539072993,-2.2211062467683544,-2.222683052334389,-2.2326522140986755,-2.2150044557535766,-2.1842388808694477,-2.1854501994059983,-2.185569812975178,-2.1237334601872657,-2.1089272428272228,-2.129965173285332,-2.1505388160284618,-2.1600147473255857,-2.161723640266869,-2.195891687317252,-2.192674297752869,-2.18209399310233,-2.2987434516649063,-2.3350611465986866,-2.3526983510752513,-2.389625798028727,-2.3913015557066104,-2.412347854080226,-2.4193758223543904,-2.433015618414038,-2.463096540120012,-2.4635426407796386,-2.3556196503428137,-2.335412784063906,-2.3252559783908224,-2.294014106053042,-2.3073543269357186,-2.271095563149721,-2.2684971479075804,-2.2590146943715714,-2.2680267735819046,-2.276009776916024,-2.2593683030269682,-2.2605793488287453,-2.2734263351108046,-2.248527953227275,-2.220818212171513,-2.2289139650507215,-2.2201763591574526,-2.230478415962477,-2.235805585507676,-2.2006759560403992,-2.2263716283554738,-2.2116612302062233,-2.1674029420694314,-2.1785144193764063,-2.1837101968970734,-2.17763937589903,-2.187722500781899,-2.1486664866141356,-2.1181627711270585,-2.09473463360336,-2.089907999950746,-2.092447549113746,-2.1052952007135852,-2.120295850759284,-2.1000796750277524,-2.0759538548195295,-2.102587541027602,-2.118390964783862,-2.1054373860224667,-2.1221107167235562,-2.1359452397438226,-2.183982637217647,-2.190582427479326,-2.1731377880741376,-2.1907894671894135,-2.2076043818051394,-2.162362306570413,-2.1301994318846402,-2.120721716005463,-2.1458938983669666,-2.122641540295883,-2.102140885139662,-2.1300258754411794,-2.1463295788080905,-2.1688138260623293,-2.2298764223857037,-2.236609751154393,-2.2833308881455046,-2.3188313875624886,-2.3404866350365987,-2.3638851985395415,-2.3895592642107384,-2.360338927983169,-2.37329192759869,-2.3295368035332293,-2.2623262629424055
0.39214999999999994,0.39607149999999997,0.3973786666666666,0.39607149999999997,0.32156299999999993,0.33463466666666664,0.3439715714285714,0.304896625,0.27799077777777775,0.28862239999999995,0.30822989999999995,0.2894067,0.27136780000000005,0.27293639999999997,0.3082299,0.3097985,0.3513664,0.3905814,0.3866599,0.3521507,0.3348961,0.31607289999999993,0.33175889999999997,0.33175889999999997,0.33254320000000004,0.33019029999999994,0.2894067,0.26744629999999997,0.3035240999999999,0.3027398,0.29960259999999994,0.33724899999999997,0.38195409999999996,0.4219533999999999,0.3866599,0.407836,0.3694053,0.41018889999999997,0.39214999999999994,0.41018889999999997,0.41332610000000003,0.45332539999999993,0.4290121,0.38901280000000005,0.40469879999999997,0.4031302,0.4807759,0.4227377,0.47999159999999996,0.5380298,0.5372454999999999,0.5395983999999999,0.5207751999999999,0.517638,0.5372454999999999,0.48156019999999994,0.40469879999999997,0.4619527,0.38744419999999996,0.39058139999999997,0.4290120999999999,0.3866598999999999,0.38901279999999994,0.3897970999999999,0.3913656999999999,0.44783529999999994,0.44783529999999994,0.4266591999999999,0.4815602,0.44077659999999996,0.36391519999999994,0.3270531,0.2878381,0.32783739999999995,0.32862169999999996,0.27293639999999997,0.2909753,0.25489750000000005,0.21568249999999994,0.2141139,0.2141139,0.2141139,0.2148982,0.1592129,0.1592129,0.1921535,0.2101924,0.24783879999999997,0.2313685,0.21176099999999995,0.23058419999999996,0.2690149,0.2878381,0.26744629999999997,0.2682306,0.27136779999999994,0.25254459999999995,0.2525446,0.2894067,0.2713678
-0.031372,-0.027450499999999996,-0.026143333333333327,-0.027450499999999996,-0.031372,-0.03006483333333333,-0.02801071428571428,-0.07842999999999999,-0.07232988888888887,-0.06666549999999999,-0.06509689999999999,-0.06509689999999999,-0.0650969,-0.0643126,-0.06195969999999999,-0.062744,-0.06509689999999999,-0.025097599999999998,-0.025097600000000005,-0.026666199999999994,-0.028234799999999997,-0.028234799999999997,-0.029019100000000003,-0.029803399999999997,-0.030587700000000002,-0.0298034,-0.0290191,-0.029803399999999997,-0.030587700000000002,-0.0454894,-0.0454894,-0.043920799999999996,-0.0447051,-0.043920799999999996,-0.0431365,-0.043920799999999996,-0.044705100000000005,-0.043920799999999996,-0.0454894,-0.030587700000000002,-0.037646400000000003,-0.0399993,-0.0399993,-0.0399993,-0.0407836,-0.0399993,-0.05568529999999999,-0.07293989999999999,-0.07058699999999998,-0.06823409999999999,-0.06117539999999999,-0.05960679999999998,-0.0580382,-0.05725389999999999,-0.056469599999999995,-0.056469599999999995,-0.039215,-0.0227447,-0.023529,-0.026666199999999994,-0.0274505,-0.0290191,-0.029019100000000003,-0.0298034,-0.030587700000000002,-0.030587700000000002,-0.030587700000000006,-0.030587700000000002,-0.0290191,-0.0290191,-0.0274505,-0.0274505,-0.028234799999999997,-0.029803399999999997,-0.030587699999999995,-0.049410899999999994,-0.050195199999999995,-0.0478423,-0.04784229999999999,-0.047057999999999996,-0.048626600000000006,-0.0509795,-0.05176379999999999,-0.05097949999999999,-0.0494109,-0.031372,-0.030587700000000002,-0.031372,-0.0329406,-0.031372,-0.029803399999999997,-0.027450499999999996,-0.0266662,-0.0274505,-0.0274505,-0.026666199999999994,-0.026666199999999994,-0.0274505,-0.025881899999999996,-0.0266662
0.43136499999999994,0.40391449999999995,0.3947643333333333,0.34509199999999995,0.43450219999999995,0.4993376666666666,0.43136499999999994,0.38234624999999994,0.34509199999999995,0.35136639999999997,0.3890128,0.43214929999999996,0.4329336,0.4948932999999999,0.47763869999999997,0.43763939999999996,0.5160693999999999,0.5701860999999999,0.5678332,0.5301868,0.5309711,0.5082264000000001,0.5090107,0.46901139999999997,0.44783529999999994,0.48705029999999994,0.486266,0.4345022,0.4713643,0.47214859999999986,0.4305807,0.45175679999999996,0.41411039999999993,0.454894,0.4156789999999999,0.37567969999999995,0.33724899999999997,0.3882285,0.36783669999999996,0.3670524,0.407836,0.41018889999999997,0.4894031999999999,0.44940389999999997,0.48861889999999997,0.5246966999999999,0.486266,0.43214929999999996,0.49332469999999995,0.5717547,0.5709704,0.5694017999999998,0.5294024999999999,0.5278338999999999,0.5246967,0.4658742,0.4666585,0.46665850000000003,0.39058139999999997,0.38979709999999995,0.3897971,0.37097389999999997,0.4109731999999999,0.40940459999999995,0.3913657,0.45097249999999994,0.44940389999999997,0.48705029999999994,0.5011676999999999,0.45881549999999993,0.3827384,0.3254845,0.2486231,0.290191,0.27215209999999995,0.2321528,0.2321528,0.19372209999999995,0.17960469999999998,0.18352619999999997,0.2180354,0.2164668,0.21489819999999998,0.1356839,0.1733303,0.1552914,0.19058489999999997,0.23136849999999995,0.23136849999999995,0.19215349999999998,0.1552914,0.1937221,0.23136849999999995,0.2650933999999999,0.28391659999999996,0.3435234,0.3474449,0.38038549999999993,0.41724759999999994,0.49332469999999995
-0.031372,-0.031372,-0.031372,-0.031372,-0.18509479999999998,-0.18692483333333332,-0.16582342857142857,-0.195094625,-0.23964722222222223,-0.2188197,-0.219604,-0.22038829999999998,-0.22038829999999998,-0.2188197,-0.14117399999999997,-0.12391939999999997,-0.12313509999999997,-0.08784159999999999,-0.06823409999999999,-0.12627229999999998,-0.20156509999999997,-0.25646610000000003,-0.25646610000000003,-0.25803469999999995,-0.2572504,-0.29724969999999995,-0.33646469999999995,-0.3427391,-0.305877,-0.26744629999999997,-0.19136919999999996,-0.13568389999999997,-0.2141139,-0.21176099999999995,-0.27450499999999994,-0.23450569999999998,-0.19450639999999994,-0.18587909999999996,-0.18666339999999998,-0.1670559,-0.16627159999999996,-0.1662716,-0.16548729999999998,-0.2015651,-0.1545071,-0.17254600000000003,-0.21097669999999996,-0.2886224,-0.2878381,-0.3239159,-0.3247002,-0.3247002,-0.24627020000000002,-0.2125453,-0.19764359999999995,-0.1819576,-0.1843105,-0.18509479999999998,-0.18509479999999995,-0.1505856,-0.149017,-0.1835262,-0.18509479999999998,-0.1843105,-0.22195689999999996,-0.29646539999999993,-0.25803469999999995,-0.17960469999999998,-0.1780361,-0.1772518,-0.17803609999999997,-0.17960469999999998,-0.2172511,-0.21725109999999997,-0.2564661,-0.18038899999999997,-0.21881969999999998,-0.25489749999999994,-0.25646610000000003,-0.25725039999999993,-0.25803469999999995,-0.22038829999999998,-0.219604,-0.27764219999999995,-0.1999965,-0.1999965,-0.15999719999999998,-0.12391939999999999,-0.125488,-0.12313509999999998,-0.14352689999999999,-0.1458798,-0.10744909999999999,-0.050195199999999995,-0.07058699999999998,-0.07058699999999998,-0.08784159999999999,-0.08784159999999999,-0.08627299999999999,-0.08705729999999998
32.0,32.0,32.0,29.75,30.2,29.166666666666668,29.571428571428573,29.875,30.11111111111111,30.3,30.3,30.3,30.3,29.9,29.9,30.7,28.8,28.8,28.8,27.9,27.9,27.9,27.9,29.2,29.2,29.2,31.1,30.0,30.0,29.8,29.8,28.6,28.6,27.2,27.2,27.2,27.2,28.3,26.9,28.0,28.0,27.6,27.6,27.6,27.6,27.6,26.3,26.3,27.7,26.1,26.1,26.9,25.7,27.1,27.1,27.1,28.4,28.4,28.4,28.4,27.0,27.8,29.0,26.4,26.4,26.4,26.4,26.4,26.4,28.0,28.1,28.1,28.1,30.7,30.7,30.7,30.7,30.7,30.7,30.7,32.0,32.0,32.0,32.0,32.0,32.0,30.5,29.1,29.1,29.1,29.1,29.1,29.1,29.1,28.0,27.2,28.7,28.6,28.6,28.6
11.0,12.0,14.0,15.5,14.4,12.166666666666666,13.142857142857142,12.5,12.333333333333334,12.6,12.0,11.2,10.0,9.6,9.7,10.3,8.4,9.0,9.4,9.8,10.3,11.2,11.0,10.7,10.6,11.1,12.2,12.8,13.1,13.1,13.9,14.4,15.1,13.8,13.6,13.1,13.2,12.6,12.5,11.9,11.4,9.5,9.3,11.0,10.6,10.5,11.1,10.8,10.0,8.7,8.4,8.4,9.4,8.6,10.1,9.9,8.9,9.3,9.7,9.7,8.7,9.7,8.8,8.1,7.5,7.6,7.8,8.1,7.3,8.1,9.9,10.2,9.8,9.9,10.3,11.6,11.5,11.0,11.5,12.0,10.9,10.1,10.1,11.3,11.0,10.4,10.7,11.1,11.7,11.9,12.4,13.4,14.3,14.5,15.2,16.1,15.8,15.6,14.3,13.6
1.0,1.0,1.0,1.0,1.0,0.8333333333333334,0.8571428571428571,0.875,0.8888888888888888,0.9,0.8,0.8,0.8,0.7,0.7,0.8,0.7,0.7,0.7,0.7,0.8,0.8,0.8,0.9,0.9,0.9,0.9,0.9,0.9,0.9,0.9,0.9,0.9,0.8,0.8,0.7,0.8,0.7,0.7,0.7,0.7,0.6,0.6,0.7,0.7,0.8,0.8,0.9,0.8,0.7,0.7,0.7,0.7,0.7,0.7,0.7,0.7,0.7,0.8,0.8,0.7,0.8,0.8,0.8,0.8,0.8,0.8,0.8,0.8,0.9,1.0,1.0,1.0,1.0,1.0,1.0,1.0,1.0,1.0,1.0,1.0,1.0,1.0,1.0,1.0,1.0,1.0,1.0,1.0,1.0,1.0,1.0,1.0,1.0,1.0,1.0,1.0,1.0,1.0,1.0
7.858573829861188,7.215389929182866,7.111061352360008,7.755326888878356,7.431035040098242,7.667313199273329,7.476595557005308,7.648924556655798,7.563756930090739,7.626705108303744,7.831866262433721,7.894728136779449,7.940379179462056,7.590004072104337,7.616797016264696,7.323437829472705,8.360994209012116,8.237134740351621,8.285750205248098,8.147044469325301,7.9624010042628655,7.960656009365262,7.734415412236878,7.958307617432406,8.010956748099467,8.018747132381483,7.159572184124943,7.129826154217565,7.095687364848223,7.147063398722001,7.09318928961662,7.036727808140755,7.2634154467584535,7.928653380515286,7.980114795037531,8.070407567712943,8.128997853673225,8.206364355521902,8.193817939693748,8.165988228396868,8.187914408561435,8.378411335763689,8.257552208100144,7.425021845485685,7.492624113611709,7.347693824971495,7.307189828253426,7.163856785577728,7.146303733378039,8.524881369191558,8.413584424047976,8.261939935834445,8.239145306567686,8.184275640930524,8.015427655723537,8.297812071853864,8.143637221425768,8.153110829188709,8.136900033677696,7.8102252229947595,9.677034094150772,9.640874273693635,9.635944247515742,10.070219930030564,10.098118433766,9.985745383841557,9.98780319560468,10.207764128688918,10.322930073863231,9.226748215633858,7.521395006253902,7.601344605473149,7.738543926428951,7.652523023066945,7.689445081292831,7.7355424644341015,7.904600549138389,7.593625052381425,7.677821737886772,7.660865245567206,7.648078472195804,7.625630667440502,7.534638426454238,7.163410052107541,7.127274434872776,7.141783216825514,7.217883929185902,7.446170494766783,7.345905211900236,7.218194121849706,7.146236187788091,7.248620185404235,7.542021492011844,7.725808556494021,7.7388945856399145,7.8314859194815565,7.543128459489826,7.592304726474234,7.681088536744345,7.819132690953521
0.13789034008149237,0.07114948447251024,0.049070713897629105,0.038825018423865876,0.14722539797551448,0.12575612141995282,0.12022661123528566,0.13432457201206088,0.12028325094074077,0.12926741548983517,0.15642104264216722,0.21783270250634174,0.21901626577474492,0.23171506148542828,0.17511264091619877,0.3173827449843583,0.3274989298383102,0.31078785245665097,0.3123638030385748,0.3163809919864383,0.2815469106731306,0.2197181829479533,0.22281865920640853,0.21968014708487335,0.2798948257159054,0.14325123049725025,0.12462224357805556,0.12613469631383434,0.13693381808120297,0.11269730982064323,0.12437083058436657,0.12954634916582664,0.13297195048476568,0.12371155738340467,0.11685248713904639,0.12985467222360048,0.1372731279146125,0.12955131696906902,0.12163251849808403,0.1294092429423313,0.11529332625261483,0.1301989441817905,0.12412440812563375,0.13109507378066682,0.0784917664053017,0.09216705388014751,0.0888128986382769,0.1336596951884303,0.1288223107548378,0.12434417168771528,0.13451853965380234,0.13176315714666098,0.13532822024699548,0.17093304093645234,0.21629583647524706,0.18880850269647198,0.28675474180519384,0.2434193694018802,0.25383400905505804,0.2584818533827457,0.2531291218680884,0.24390140869424703,0.2389187629979014,0.2091851429467842,0.16252066163081752,0.16535187255120182,0.07454142830005672,0.08340242674884091,0.07674687319667584,0.09655662709307511,0.10954785650799659,0.10550751673911037,0.12936090755753388,0.11560134175454957,0.1197287681417178,0.11166085563405899,0.10665755437634927,0.09754344319583552,0.15599893643403195,0.15081559005385436,0.13250207792702695,0.22124114918332105,0.29859569647248674,0.3095089750497215,0.30448545785079495,0.3040160171138562,0.35905355134440153,0.35896579648451166,0.33229596636581427,0.3112458221550263,0.32554596413139625,0.2357417192685285,0.1415604261671255,0.13865332837174615,0.15997603436765373,0.1686859220235648,0.1275245460544694,0.13569411310103696,0.1594882383167906,0.23261864946811373
0.0,0.004218956320555148,0.006992477841488626,0.00655448046004314,0.007568866896132653,0.006307389080110544,0.006078105258772525,0.00531834210142596,0.005742839912150817,0.005168555920935736,0.006346276752763664,0.005827958511503975,0.004786150176892543,0.004411151252596386,0.003555242590576169,0.004283125521786999,0.003812885288712557,0.003812885288712557,0.0029555357668966304,0.0038666035124903047,0.002896749236632265,0.003085959101612859,0.0028738153478887335,0.0027247654406142214,0.002624009185749089,0.002951759253293239,0.002951759253293239,0.002951759253293239,0.0030535108897091962,0.002167300976461435,0.0029555357876238477,0.0024432704586135542,0.002468759900260818,0.002468759900260818,0.0028015301042100286,0.0022807261586179238,0.0022807261586179238,0.0022807261586179238,0.0025933762554530087,0.00279692901719628,0.002380847482105183,0.0023784299232835425,0.0024739188722701323,0.002666300872946388,0.002127554321833457,0.002642953793683557,0.0037431275887805414,0.00450928442003741,0.004713128778419083,0.004484718184329899,0.004038360995509073,0.004915503412374548,0.005958915183924267,0.006506045839247536,0.006958600508542618,0.005908371983529644,0.005434210152423101,0.005110695377995705,0.005087698241492295,0.005087698241492295,0.005741239666104977,0.005751660748098374,0.005414083580050662,0.004674570924051137,0.005227781485211901,0.00522993004058505,0.00543194327794274,0.004989301221113266,0.004337519548004922,0.005204903590988146,0.005393286886052331,0.004505723387193461,0.003933859249866169,0.003933859249866169,0.003516543810904817,0.0035143952555316675,0.0026904872236679935,0.0035610198784592428,0.004385161829835882,0.004645331593417313,0.003669744230520064,0.004016813614906437,0.004393611978613448,0.005002521100080213,0.005674642756762732,0.005674642756762732,0.005832729091673501,0.00610341184025761,0.005563349495134219,0.004435795688569564,0.004859483325780882,0.004512413941394509,0.0038806667208789295,0.0032717575994121646,0.003209113793235174,0.003209113793235174,0.0034195659800213816,0.0022783505766460236,0.001994270970392775,0.0031601385858460312
-0.013682206346746037,-0.01109948186231436,-0.012443843904215693,-0.01503830233830589,-0.012122896661715624,-0.015845243374605116,-0.016727064602568557,-0.016057463472196443,-0.014565128851333728,-0.015551889271708617,-0.01534052191696213,-0.014749147775695831,-0.013683742075498046,-0.013994605119229864,-0.014738305042442695,-0.011292607348537438,-0.010387297364247405,-0.011256275799863755,-0.012943247595153529,-0.012442442385782446,-0.012535993249488907,-0.013904064059083673,-0.014065975211129744,-0.013723148730376805,-0.013811461230836819,-0.014321166879869184,-0.01527319342175953,-0.016484353723862255,-0.016526754303828616,-0.01757028460206872,-0.018066345349154807,-0.019291557664162795,-0.020444624558129152,-0.020602915389472128,-0.020027395408591685,-0.019973426968759943,-0.019403081966578202,-0.01854317288670369,-0.01845331539708181,-0.01664357001054117,-0.016139724616918566,-0.015886363587335355,-0.016141872408115755,-0.016060422301774735,-0.016267752195400803,-0.015812014986200183,-0.015884863785101393,-0.014051326008852094,-0.012663556430276408,-0.013296732071835082,-0.01309333004095943,-0.012552921101385828,-0.012264735598833202,-0.010184529099890576,-0.011845407829817363,-0.012287453480102507,-0.010536433928747799,-0.01152487149756808,-0.011846505110391231,-0.011947860575302668,-0.012457408793539963,-0.010709592787292471,-0.009211561991825748,-0.009445703847593266,-0.008143132528564663,-0.008122462788644525,-0.0083759166162852,-0.009569682458776606,-0.009313128841126221,-0.007402344726819471,-0.008116132477226808,-0.009940459541539572,-0.010054903599049744,-0.010499523822840084,-0.011635097068471477,-0.013918081443638214,-0.014936349042005128,-0.013032268441573342,-0.013031511260061468,-0.013581256820559967,-0.01243116161436144,-0.010357572154258183,-0.01001100642937049,-0.010324558801516627,-0.008935151684093933,-0.008000806903613983,-0.009156078950110974,-0.00979567674672149,-0.011540170603001516,-0.013447315650881909,-0.013523587500786204,-0.015795430849491417,-0.018071979087799374,-0.019891429502341133,-0.021128822349517185,-0.022645541550675517,-0.02075476256229413,-0.02230264702044716,-0.020696992544998356,-0.018240101936619464
0.0,0.0,0.0023301431283227667,0.003018725403258607,0.002873032706708345,0.002394193922256954,0.0020521662190773893,0.0017956454416927156,0.0015961292815046362,0.0014365163533541724,0.0014365163533541724,0.002120628929558455,0.0022797253088580717,0.00232954150039566,0.002710745526185332,0.002710745526185332,0.002710745526185332,0.002710745526185332,0.002710745526185332,0.002710745526185332,0.002829311528010081,0.002544725733353831,0.001686586415557384,0.0011283230012131829,0.0005180927833727811,0.0009021271475787463,0.0014022074640749117,0.0014022074640749117,0.0014022074640749117,0.0014022074640749117,0.0012836414622501625,0.0014440979357111749,0.0016760744821497087,0.0017360617630598207,0.002263279135742491,0.0018792447715365256,0.0020717518301701264,0.0020717518301701264,0.002540096868987518,0.0035185495612047647,0.0040995058711614015,0.0035395226161523572,0.0034212718297862766,0.0037012428171437186,0.0037152166451793144,0.004129291219345748,0.0034367038442159824,0.0034367038442159824,0.002968358805398591,0.0025171223619177064,0.0020850813378896437,0.0024550347657036954,0.0027467141881277633,0.0024067559198602097,0.0018655647191419434,0.001700875126449164,0.0023320515897164496,0.0023320515897164496,0.0032726220203104115,0.0027454057715740497,0.002684798960309642,0.0026350837387514314,0.002341077223424315,0.002341077223424315,0.0027564033512457063,0.0028698240605356472,0.0030271484785854954,0.0030271484785854954,0.0023291315352425733,0.0023291315352425733,0.0022408230605784063,0.0019205848543225657,0.0024992655477797665,0.002732606660128678,0.0027258531991953385,0.002686205496679156,0.0018977046153620225,0.0025779177087777716,0.0033017652904334506,0.0034671035898856174,0.0042887662824025174,0.0042887662824025174,0.003598686921775912,0.0033653458094270007,0.0029567731425389487,0.0026336151542915355,0.003554358777347666,0.002874145683931917,0.0026517404998769533,0.0028467671588701614,0.002595307837374883,0.002595307837374883,0.002635020417225481,0.0035013708402923116,0.003968462751171348,0.003968462751171348,0.0034709561193196625,0.004130270102933281,0.0033862742180815254,0.003626848630514823
-0.023932960329133668,-0.027814401067838557,-0.02819491328475149,-0.03015920588896942,-0.025580659573464927,-0.028900614346942032,-0.03011173524043998,-0.028433636771401302,-0.02727464012293368,-0.02776992081295122,-0.02830331097045739,-0.025133726789803044,-0.022238133017945312,-0.022026380296712868,-0.02214160519009355,-0.019077968293399354,-0.01699450173609494,-0.01826447931450212,-0.01967066766668229,-0.02051773230233263,-0.019643938772361914,-0.02207968010273085,-0.02352914750457762,-0.023383082565648517,-0.024664775756053796,-0.024763296799126245,-0.025409433235879176,-0.026819690389140543,-0.027220113373408083,-0.027635035810426332,-0.02945259770932962,-0.03055539144022972,-0.031464118417383405,-0.03139457954883034,-0.029581985561494356,-0.029265516053404262,-0.028491614505771666,-0.027679443371556957,-0.027067238794437964,-0.02350725668279846,-0.02135069213112355,-0.02137375288016401,-0.021902714885755337,-0.021947977408286808,-0.02175089488994523,-0.020792338458602073,-0.023785760293669883,-0.02210701104166074,-0.02080777732955355,-0.02178044918921531,-0.021480400305669094,-0.021389019391442658,-0.021865174987499673,-0.020575663515008162,-0.02488670008000029,-0.02467654209005795,-0.02015650586303145,-0.021171888682357382,-0.020584898662521122,-0.020859551403331306,-0.02267435013149392,-0.020310234761285274,-0.0181377927810772,-0.017025827668909387,-0.014682799300992689,-0.014685791984047325,-0.015168102727690374,-0.01652722666910788,-0.015820096137750827,-0.014766727423598436,-0.01649495256245509,-0.017799914114645564,-0.01660904411420484,-0.016210371839977665,-0.017112290669141793,-0.02021585781024001,-0.02150751082382807,-0.01870343052294381,-0.01879040325784621,-0.019278219522714125,-0.014740742781188133,-0.01341044946518537,-0.014431632218394053,-0.016340167974072693,-0.01626716223822431,-0.01600348472377187,-0.016976243394490532,-0.020037495815197405,-0.02256473735222413,-0.023581692957351918,-0.02442798488756362,-0.02665797836660641,-0.027959746041597084,-0.02863874208300372,-0.029290935739108005,-0.031253715797026356,-0.029029191281959698,-0.02760975317849204,-0.02565491881596719,-0.023420436914099747
0.00021684289314549687,0.00010842144657274844,7.228096438183229e-05,5.421072328637422e-05,4.3368578629099376e-05,0.00032451356121746916,0.00027815448104354497,0.00037982746931856243,0.0003376244171720555,0.0007147046247281075,0.0006930203354135577,0.0006930203354135577,0.0006930203354135577,0.000700521836188317,0.000700521836188317,0.0005274979887723852,0.0006058977885046113,0.0006096927657708306,0.000616813326167287,0.00020597067689402947,0.00020597067689402947,0.00020597067689402947,0.00027705369541757284,0.0005788117084892907,0.0005788117084892907,0.0005788117084892907,0.0007003391459447561,0.0009891265864497567,0.0009820060260533003,0.0009944877617577396,0.0009944877617577396,0.001000495108927596,0.0009737159239004367,0.0007884915901548495,0.0007884915901548495,0.0007884915901548495,0.0007887372856686282,0.0005028795474468162,0.0005028795474468162,0.0004903978117423768,0.0004903978117423768,0.000755530968084861,0.0007112271345884769,0.000587191954487587,0.0006358418191252269,0.0006358418191252269,0.0004356688864237568,0.0003197903681499803,0.0003197903681499803,0.0004387847776769371,0.0004387847776769371,0.0001676442741645967,0.0001676442741645967,0.0001676442741645967,0.00011899440952695684,0.00014026419003818625,0.00014026419003818625,0.00014026419003818625,0.00014026419003818625,0.0003714109807319954,0.0003714109807319954,0.0003714109807319954,0.0003714109807319954,0.0003714109807319954,0.0003714109807319954,0.0004131211306177496,0.0004131211306177496,0.0006254627167342319,0.0006624931505975929,0.0003123519503768268,0.0003123519503768268,0.0005837722868697381,0.0005837722868697381,0.0008510585986074958,0.0008510585986074958,0.0009194114975914324,0.0009536842954696534,0.000741342709353171,0.0007043122754898101,0.0007043122754898101,0.0007716673346403024,0.0005002469981473911,0.0005002469981473911,0.00023296068640963342,0.00023296068640963342,0.0002137499028142198,0.0001948774329463998,0.0001948774329463998,0.0001948774329463998,0.00045416436880869047,0.0003868093096581982,0.0007532560224400575,0.0010694927169973834,0.0013614179055243592,0.0013614179055243592,0.0013414229927345034,0.0013260226647241024,0.0015908909128610703,0.0017702741888889206,0.00151098725302663
-0.000934738108187283,-0.004249488037719185,-0.006402250232256694,-0.006243529487658592,-0.006367922619255217,-0.005320850958674211,-0.0051521262496758225,-0.004518126334311007,-0.0046708364567278095,-0.0042037528110550285,-0.005012672513992717,-0.00448040549535122,-0.0035816490172579153,-0.0032141203083587977,-0.0027942047228922073,-0.0031151359846126993,-0.002756397112453568,-0.0027977037714764117,-0.0024478745284974178,-0.0031876815019119043,-0.0025533106324573895,-0.0028392494917024724,-0.0026672285076626057,-0.0024580204911752944,-0.0024140160159547785,-0.0028350669579011558,-0.002779828030491738,-0.0027305086787931645,-0.002653487638659363,-0.0021532654836966094,-0.0027397618464845954,-0.0023542895753228044,-0.0024774548044758037,-0.0027593940184339138,-0.0028861994428478364,-0.0024841016398942594,-0.0024894279215445904,-0.0025027296825380794,-0.0028405086354520047,-0.0027194976678432737,-0.0024169254299304167,-0.0022923020637635127,-0.0024940992233960955,-0.002511583554193697,-0.00218041788568466,-0.0023954408185664854,-0.0032212856855311665,-0.003889695219155559,-0.0039689903495769285,-0.003891391831129015,-0.0036084997146178187,-0.0043054559654991,-0.004929046806156079,-0.005085053811186374,-0.005549170705754619,-0.004994762697645516,-0.004437167437515982,-0.004259396166179125,-0.004270353889362338,-0.004237897542697894,-0.0048271571959841945,-0.004696916693677361,-0.004346532848979384,-0.003918681192578583,-0.004358200697047915,-0.0043655651982515255,-0.004698911552629881,-0.004194971529348857,-0.0036045382623369204,-0.004112108327516406,-0.0040015045024009545,-0.0034347887538265067,-0.0029716106007596555,-0.0029440317073744504,-0.002594226711407688,-0.0026030896652023904,-0.0020859833223220935,-0.002828163253433702,-0.0034582390625085167,-0.0037021719238484905,-0.00301794573201028,-0.003207761123399372,-0.003378979554710776,-0.003795835384738727,-0.004103326711054689,-0.004078050664993444,-0.004292234780651277,-0.004403850044222552,-0.00418928028545657,-0.0034292583732064676,-0.0037086382612560253,-0.0035188228698669333,-0.003214300161798506,-0.0027974443317705542,-0.002825629144499886,-0.0028759098182862485,-0.002810770201776558,-0.001956975007093675,-0.0015414689567848417,-0.002247734698791526
0.037914996706123374,0.04604388291145606,0.05481186167251397,0.06280487975287301,0.05588631222210466,0.06078250654424503,0.061827069922656644,0.05779048112098564,0.05591068722248048,0.05529435082990961,0.05737306167906966,0.05430394801209385,0.049684933695141105,0.04914000396269322,0.04990343172162129,0.04349860319782588,0.04042356185054558,0.043627900633907736,0.04520373889815789,0.04794204009045701,0.047671633277490626,0.050987825443077915,0.05095721342846606,0.04830764535960238,0.047980240805376974,0.051084001717816484,0.05336791158687544,0.055476596766700484,0.055793241246310424,0.05679902276931882,0.05831929790577014,0.060995028746404514,0.06362218087939533,0.06591421065769212,0.06564250685401153,0.06366419544271858,0.06279300566935057,0.06096237834115825,0.06298422367704208,0.0582951426676621,0.056624344188921524,0.05557971685862623,0.0567754469373765,0.056745750403271365,0.05644954920438163,0.056139682743679545,0.05952198962507453,0.05752336562802749,0.05386496040354568,0.05692773265985639,0.055650751927671896,0.056734866418693033,0.05898367492733196,0.05432544449530249,0.05900298684725068,0.057806834946694904,0.05131691984950335,0.051659759539573594,0.052230145018592064,0.05092374098183763,0.055192192879252776,0.05062114724667131,0.045845297496505115,0.043975995649608746,0.04331351902244164,0.04353599112051279,0.045503650188546046,0.04709417547407154,0.04514626433430454,0.042366792074395324,0.04233153447822233,0.04337559556770107,0.04210279438832569,0.04340520587797774,0.043169306798553395,0.04815152285533174,0.04830984543116405,0.046986742561773924,0.04808159148748774,0.04929894315691254,0.044440727507508715,0.04159260837196316,0.04162235815919037,0.04415079867900283,0.04269991301797356,0.04100375240296696,0.045094834008547,0.048326640974367695,0.051962079703563,0.053883144325145,0.05449975163288452,0.05798502612116223,0.05999891998673077,0.062367228002456844,0.0657105750203726,0.06939864639220363,0.0641076141556037,0.06376592720200394,0.05782748777066571,0.0557979231263801
0.0,0.0,0.0,0.0,0.0,0.0,0.0,0.0,0.0,0.0,0.0,0.0,0.0,0.0,0.0,0.0,0.0,0.0,0.0,0.0,0.0,0.0,0.0,0.0,0.0,0.0,0.0,0.0,0.0,0.0,0.0,0.0,0.0,0.0,0.0,0.0,0.0,0.0,0.0,0.0,0.0,0.0,0.0,0.0,0.0,0.0,0.0,0.0,0.0,0.0,0.0,0.0,0.0,0.0,0.0,0.0,0.0,0.0,0.0,0.0,0.0,0.0,0.0,0.0,0.0,0.0,0.0,0.0,0.0,0.0,0.0,0.0,0.0,0.0,0.0,0.0,0.0,0.0,0.0,0.0,0.0,0.0,0.0,0.0,0.0,0.0,0.0,0.0,0.0,0.0,0.0,0.0,0.0,0.0,0.0,0.0,0.0,0.0,0.0,0.0
0.0,0.0,0.0,0.0,0.0,0.0,0.0,0.0,0.0,0.0,0.0,0.0,0.0,0.0,0.0,0.0,0.0,0.0,0.0,0.0,0.0,0.0,0.0,0.0,0.0,0.0,0.0,0.0,0.0,0.0,0.0,0.0,0.0,0.0,0.0,0.0,0.0,0.0,0.0,0.0,0.0,0.0,0.0,0.0,0.0,0.0,0.0,0.0,0.0,0.0,0.0,0.0,0.0,0.0,0.0,0.0,0.0,0.0,0.0,0.0,0.0,0.0,0.0,0.0,0.0,0.0,0.0,0.0,0.0,0.0,0.0,0.0,0.0,0.0,0.0,0.0,0.0,0.0,0.0,0.0,0.0,0.0,0.0,0.0,0.0,0.0,0.0,0.0,0.0,0.0,0.0,0.0,0.0,0.0,0.0,0.0,0.0,0.0,0.0,0.0
-0.37733356806286644,-0.37732448839797456,-0.37717295548348445,-0.3778986565467057,-0.3773459291474251,-0.3774439798009234,-0.37775624382184514,-0.3776477257421931,-0.37695941931124377,-0.37680964895995606,-0.37689292433123317,-0.37657440409843673,-0.37620986492776004,-0.37565102572036435,-0.3758890895281742,-0.3754458079562227,-0.3744477854437212,-0.37456777736349683,-0.37515726893676027,-0.3755073898833698,-0.3753806773529356,-0.3753784503423919,-0.37514618878646433,-0.37532110798118,-0.3749383781283753,-0.3752429921282811,-0.37589323866499535,-0.37204468277136277,-0.37173069257866015,-0.36925999930380843,-0.36955726836688063,-0.3677788568852181,-0.36850031722644705,-0.3686969433880374,-0.3687292439515918,-0.3684943960343957,-0.36832695496631934,-0.37218699376441877,-0.37144875870546207,-0.373497944711731,-0.37316643439517455,-0.3750969533485741,-0.3746083872711041,-0.37197449910854796,-0.37229087190086607,-0.3725141780431791,-0.36925564244295883,-0.3692040228931715,-0.3702483369186725,-0.3705462493253595,-0.37053715706121165,-0.3709592709264959,-0.36705194319992235,-0.368987895704387,-0.36913311874001564,-0.3685754047214276,-0.37206988001474517,-0.3720920952429291,-0.3714582528467765,-0.37136155059213183,-0.3714740747068914,-0.3710858248097392,-0.3752849996549253,-0.3672391852708866,-0.36704052125765296,-0.36762474385441674,-0.36746532731248893,-0.36715747040267904,-0.3674876545733003,-0.3670657610895041,-0.36574344262943376,-0.36595394057745173,-0.36604257337968693,-0.37458730019455,-0.37455590479755246,-0.374345573518453,-0.3740469073770914,-0.37415134053203514,-0.3742886891967502,-0.37421320770944566,-0.37534373335273963,-0.37497620627263517,-0.3745260753614234,-0.3747027755242256,-0.3746936029745805,-0.37454062941719424,-0.36879829201220726,-0.3647203151627481,-0.36516921258738194,-0.3658322685219531,-0.36599494899667373,-0.36599745495601094,-0.3665262343778638,-0.3667658172627246,-0.3647524662268002,-0.3650864684548407,-0.37097511632538077,-0.370602899994528,-0.3703153408591775,-0.3696481511118753
0.0,0.0,0.0,0.0,0.0,0.0,0.0,0.0,0.0,0.0,0.0,0.0,0.0,0.0,0.0,0.0,0.0,0.0,0.0,0.0,0.0,0.0,0.0,0.0,0.0,0.0,0.0,0.0,0.0,0.0,0.0,0.0,0.0,0.0,0.0,0.0,0.0,0.0,0.0,0.0,0.0,0.0,0.0,0.0,0.0,0.0,0.0,0.0,0.0,0.0,0.0,0.0,0.0,0.0,0.0,0.0,0.0,0.0,0.0,0.0,0.0,0.0,0.0,0.0,0.0,0.0,0.0,0.0,0.0,0.0,0.0,0.0,0.0,0.0,0.0,0.0,0.0,0.0,0.0,0.0,0.0,0.0,0.0,0.0,0.0,0.0,0.0,0.0,0.0,0.0,0.0,0.0,0.0,0.0,0.0,0.0,0.0,0.0,0.0,0.0
-0.7784551703258896,-0.7778064785234367,-0.776536378981946,-0.775689326464662,-0.7759899794839225,-0.7754212300488321,-0.7755211780324569,-0.7758883968801491,-0.7756334818904667,-0.7756606123785872,-0.7755492670698538,-0.7754754261604428,-0.7756445902811363,-0.775238451301931,-0.7753974870047975,-0.7757268601986086,-0.7753482457147111,-0.7751397343689599,-0.7754368148736058,-0.7752062639953252,-0.7750681241460982,-0.7748137096165006,-0.7746247430681266,-0.7752550795966168,-0.7749606233441803,-0.7750524119360355,-0.775338262001156,-0.7717233358014186,-0.7713845040391755,-0.7691872170465321,-0.7691823089570089,-0.7672350806434125,-0.7675731023842673,-0.7676511511160226,-0.7676973060836513,-0.7676480621676693,-0.7677424921222954,-0.7713225685753169,-0.7703831750894002,-0.7728093780004863,-0.7728622356097545,-0.7745327218123051,-0.7740687519013512,-0.7716196197015978,-0.7718724937191552,-0.7720683335244946,-0.7686131738575523,-0.7688845563802481,-0.770343566997003,-0.7703916714739698,-0.7704995407009625,-0.7707159965302608,-0.7670015379031527,-0.7692294329623002,-0.7687623267206296,-0.7683048611466267,-0.7720024073176994,-0.7719432184628527,-0.7713472380843609,-0.7714141081501082,-0.7709835237326554,-0.7714029767198254,-0.775623169721478,-0.768328108087781,-0.7684069727061787,-0.7688820199460176,-0.768706925880277,-0.768167421651357,-0.768572125840161,-0.7683818388940493,-0.7671457727324806,-0.7671905361098379,-0.7673035642677547,-0.7750103518148532,-0.774944341199579,-0.7743222531258792,-0.7740589412159062,-0.7744598771803861,-0.7745204053645522,-0.7743708733341583,-0.776024452610516,-0.7758933432336202,-0.7755340015255814,-0.7754826895970225,-0.7757476493564857,-0.7758730319795657,-0.7702563380813461,-0.7662384034478207,-0.7660242196727406,-0.7663294366258988,-0.7663953948961636,-0.7661325523431205,-0.7664304902494138,-0.7661997922497411,-0.7639134719790454,-0.7635123481977717,-0.7693093808157349,-0.7689799421769752,-0.7693681230556769,-0.7691098429092323
2.425294533322322,-6.325075027996472,-1.3975199741036182,6.244637443563024,-8.473156137600904,-2.743713304238131,-3.0183579993976517,1.758813245767692,-8.563336012625676,-0.9306717475151749,8.241688664319092,5.869626224208471,8.62546367762262,5.0956487478057255,6.842821877107886,-1.180797150084858,8.59434584622672,9.131081432928042,-5.921261236793806,-8.702897108784764
5.1749169503636265,-2.194468055025325,5.65319839113116,-1.9553415741230973,-3.639442607630945,-2.6285827654892424,5.701409121997709,4.807704457267124,-2.4101451429527865,3.428231354269904,-8.124259124490749,3.869258841755636,3.9762372742942347,1.0176491158733914,-7.565649234387799,9.446202670378591,-9.94568846060833,4.795152621871495,-4.899818771915445,6.79819918019835
-3.174048078762939,5.660024665085117,9.688842461943796,8.73590357566168,1.822639342611072,-4.330535811586545,6.255933823911863,-9.829422148714242,8.92398869651387,0.458111969450119,-0.6467012206335232,0.20060736990658912,4.330743216912898,-6.204881688849686,-4.73690882783935,-2.3994035116317236,-0.7741650713023462,2.19883925396267,-5.81139401370935,-9.40045566735263,-0.7890022762291116,7.685392508491658,-6.924987600803196,-1.4485262569661561,6.936015848751778,-2.7772980785366452,-4.674935449248003,2.533086348824516,2.5170368298464174,-5.242067772994036,-5.464490599398959,-0.5813383063509736,3.0673584061747228,-1.7491766370114337,-4.749679789868466,7.760572393444125,4.708822605621233,3.970050417324016,-5.4483699331871716,-1.6389267780021188,4.492730992403531,1.6398054808464835,-4.246748722673526,3.5995281988050154,1.4918290469094408,3.8422629083232174,-7.897685516840735,6.008084584175644,5.392952407241965,-3.8594803632462704,7.167404777025929,-3.3080113947527123,5.421689299436963,-6.604319704737858,-6.348359003976745,5.900615623084515,-9.700977696848959,-0.292033439350472,-7.681141442398469,3.1982655953260153,-5.210349544378405,-3.0678855734258814,5.86251009640653,5.431167234135461,8.425231971810687,-5.523087746801936,0.6218088829276147,3.613590234034645,3.3116692083880106,9.803546756813304,-5.895581034922639,-0.08193317020046331,-7.5657758326506075,1.376155997592099,-9.351773619140458,-8.531145312584478,-8.281855863145267,0.8022344290788164,-8.64502901019426,8.76213327019561
-6.594153820311428,-8.241384705828494,7.105754264364734,2.418911075521779,-3.310055875761031,-3.3360964554465533,-3.6743515057989695,-7.251786227402139,-1.6423068989569,6.9528154904488915,8.783151308322443,6.352565724155501,-9.682204553095659,-2.386012146126608,-1.5129745248735516,-5.201519813299682,1.3869709546322806,3.9386142158845283,-7.712905013480504,-6.503646457522634,-9.030019288140723,4.00667708926756,5.176203564790582,-6.145815901097664,-3.135617769474528,2.3885067396833737,0.7072005986206475,5.2202431001500615,-1.3958748761277473,7.073911841754943,-4.391118884461831,9.786269594929443,6.0152418502309635,1.3682786065961539,5.571838069279349,4.285597032168191,-3.7643375541798885,-1.9358143083263757,5.342941816932772,1.6451713539887036,-9.088627579147614,-9.142164166890453,2.744280372932215,6.299740159513314,-5.571760580453753,9.61327504011645,0.040845026217435354,3.1275672934499132,1.3528869429169865,-5.173469300292437,4.25512022846148,3.7388872579061405,8.0686693809808,-9.898975853824288,2.467214163007514,-4.3764294062046964,-1.7820097008420799,7.040508466768012,2.4283724363250103,3.9231290528961926,3.489653728058719,0.07915879391406033,6.94561986699898,9.895511391838916,1.8830808225777274,8.30594010360116,-6.474431152084248,-6.163110593817558,0.03340004490388626,-7.462622649022539,-6.219627289249063,7.542839731695617,3.79428802149566,5.81661689152883,-5.705838314106762,0.6592227346516366,8.705203825043283,4.386203130874142,-7.305523065116448,6.225607968953491
0.0,0.0,0.0,1.0,1.0,2.0,2.0,2.0,2.0,2.0,2.0,2.0,2.0,3.0,3.0,3.0,3.0,3.0,3.0,4.0,4.0,4.0,4.0,4.0,4.0,4.0,4.0,5.0,5.0,6.0,6.0,7.0,7.0,7.0,7.0,7.0,7.0,7.0,8.0,8.0,8.0,9.0,9.0,10.0,10.0,10.0,11.0,11.0,11.0,11.0,11.0,12.0,13.0,13.0,13.0,13.0,13.0,13.0,13.0,13.0,14.0,14.0,14.0,14.0,14.0,14.0,14.0,14.0,14.0,14.0,15.0,15.0,15.0,15.0,15.0,15.0,15.0,15.0,15.0,15.0,15.0,15.0,15.0,15.0,15.0,15.0,16.0,17.0,17.0,17.0,17.0,17.0,17.0,17.0,18.0,19.0,19.0,20.0,20.0,20.0
0.0,0.0,0.0,0.25,0.2,0.3333333333333333,0.2857142857142857,0.25,0.2222222222222222,0.2,0.18181818181818182,0.16666666666666666,0.15384615384615385,0.21428571428571427,0.2,0.1875,0.17647058823529413,0.16666666666666666,0.15789473684210525,0.2,0.19047619047619047,0.18181818181818182,0.17391304347826086,0.16666666666666666,0.16,0.15384615384615385,0.14814814814814814,0.17857142857142858,0.1724137931034483,0.2,0.1935483870967742,0.21875,0.21212121212121213,0.20588235294117646,0.2,0.19444444444444445,0.1891891891891892,0.18421052631578946,0.20512820512820512,0.2,0.1951219512195122,0.21428571428571427,0.20930232558139536,0.22727272727272727,0.2222222222222222,0.21739130434782608,0.23404255319148937,0.22916666666666666,0.22448979591836735,0.22,0.21568627450980393,0.23076923076923078,0.24528301886792453,0.24074074074074073,0.23636363636363636,0.23214285714285715,0.22807017543859648,0.22413793103448276,0.22033898305084745,0.21666666666666667,0.22950819672131148,0.22580645161290322,0.2222222222222222,0.21875,0.2153846153846154,0.21212121212121213,0.208955223880597,0.20588235294117646,0.2028985507246377,0.2,0.2112676056338028,0.20833333333333334,0.2054794520547945,0.20270270270270271,0.2,0.19736842105263158,0.19480519480519481,0.19230769230769232,0.189873417721519,0.1875,0.18518518518518517,0.18292682926829268,0.18072289156626506,0.17857142857142858,0.17647058823529413,0.1744186046511628,0.1839080459770115,0.19318181818181818,0.19101123595505617,0.18888888888888888,0.18681318681318682,0.18478260869565216,0.1827956989247312,0.18085106382978725,0.18947368421052632,0.19791666666666666,0.1958762886597938,0.20408163265306123,0.20202020202020202,0.2
